name,level,notes,type,grade
学園天国,6,86,Pa,De
学園天国,13,185,Pa,Re
学園天国,18,414,Pa,Pr
学園天国,25,702,Pa,Ma
STAR,7,122,Al,De
STAR,13,197,Al,Re
STAR,17,319,Al,Pr
STAR,24,506,Al,Ma
SUPERLOVE☆,9,160,Pa,De
SUPERLOVE☆,14,240,Pa,Re
SUPERLOVE☆,19,486,Pa,Pr
SUPERLOVE☆,26,708,Pa,Ma
夢をのぞいたら（for BEST3 VERSION）,8,125,Al,De
夢をのぞいたら（for BEST3 VERSION）,13,191,Al,Re
夢をのぞいたら（for BEST3 VERSION）,18,372,Al,Pr
夢をのぞいたら（for BEST3 VERSION）,26,714,Al,Ma
夢をのぞいたら（for BEST3 VERSION）,29,794,Al,MP
夢をのぞいたら,25,521,Al,Pi
夢をのぞいたら,28,856,Al,Fo
TRUE COLORS,29,841,Al,MP
追い風Running,29,816,Cu,MP
炎の華,8,189,Pa,Li
炎の華,17,381,Pa,Ti
LEGNE 仇なす剣 光の旋律,9,200,Co,Li
LEGNE 仇なす剣 光の旋律,18,435,Co,Ti
ギュっとMilky Way,6,99,Cu,De
ギュっとMilky Way,13,131,Cu,Re
ギュっとMilky Way,18,394,Cu,Pr
ギュっとMilky Way,26,713,Cu,Ma
ギュっとMilky Way,28,872,Cu,MP
青空エール,28,925,Al,MP
みんなのきもち,28,892,Pa,MP
WHITE BREATH,8,130,Co,De
WHITE BREATH,13,198,Co,Re
WHITE BREATH,18,428,Co,Pr
WHITE BREATH,27,814,Co,Ma
もりのくにから,6,90,Co,De
もりのくにから,11,153,Co,Re
もりのくにから,18,279,Co,Pr
もりのくにから,26,658,Co,Ma
バベル,31,"1,144",Co,MP
こいかぜ,29,756,Co,MP
Sun！High！Gold！,8,114,Al,De
Sun！High！Gold！,13,194,Al,Re
Sun！High！Gold！,18,395,Al,Pr
Sun！High！Gold！,27,761,Al,Ma
Sun！High！Gold！,30,997,Al,MP
M＠GIC☆,26,697,Al,Pi
M＠GIC☆,32,918,Al,Fo
Snow Wings,8,159,Al,Li
Snow Wings,17,395,Al,Ti
Happy×2 Days,7,147,Cu,Li
Happy×2 Days,16,330,Cu,Ti
Secret Daybreak,7,111,Co,De
Secret Daybreak,13,201,Co,Re
Secret Daybreak,18,380,Co,Pr
Secret Daybreak,26,585,Co,Ma
Secret Daybreak,29,870,Co,MP
Stage Bye Stage,28,807,Al,MP
To my darling...,27,700,Cu,MP
EZ DO DANCE,7,124,Al,De
EZ DO DANCE,13,233,Al,Re
EZ DO DANCE,18,407,Al,Pr
EZ DO DANCE,25,654,Al,Ma
ニャンと☆スペクタクル,9,160,Cu,De
ニャンと☆スペクタクル,14,244,Cu,Re
ニャンと☆スペクタクル,19,417,Cu,Pr
ニャンと☆スペクタクル,27,809,Cu,Ma
TAKAMARI☆CLIMAXXX！！！！！,30,999,Pa,MP
ミラーボール・ラブ,7,104,Al,De
ミラーボール・ラブ,14,239,Al,Re
ミラーボール・ラブ,19,417,Al,Pr
ミラーボール・ラブ,26,685,Al,Ma
ミラーボール・ラブ,29,954,Al,MP
Orange Sapphire,7,137,Pa,Li
Orange Sapphire,17,372,Pa,Ti
夢色ハーモニー,6,140,Al,Li
夢色ハーモニー,16,356,Al,Ti
O2,8,104,Pa,De
O2,13,189,Pa,Re
O2,18,352,Pa,Pr
O2,27,699,Pa,Ma
Revive,7,94,Al,De
Revive,11,152,Al,Re
Revive,17,285,Al,Pr
Revive,25,438,Al,Ma
Max Beat,29,900,Co,MP
空想探査計画,7,118,Pa,De
空想探査計画,13,202,Pa,Re
空想探査計画,17,341,Pa,Pr
空想探査計画,25,559,Pa,Ma
空想探査計画,28,764,Pa,MP
COLORS,7,100,Co,De
COLORS,12,164,Co,Re
COLORS,17,331,Co,Pr
COLORS,25,573,Co,Ma
モザイクカケラ,6,71,Co,De
モザイクカケラ,11,141,Co,Re
モザイクカケラ,18,378,Co,Pr
モザイクカケラ,26,727,Co,Ma
しゅがーはぁと☆レボリューション,8,107,Pa,De
しゅがーはぁと☆レボリューション,13,195,Pa,Re
しゅがーはぁと☆レボリューション,18,410,Pa,Pr
しゅがーはぁと☆レボリューション,27,819,Pa,Ma
きゅん・きゅん・まっくす,28,926,Cu,MP
Gossip Club,9,153,Pa,De
Gossip Club,14,236,Pa,Re
Gossip Club,19,463,Pa,Pr
Gossip Club,27,851,Pa,Ma
Gossip Club,31,"1,290",Pa,MP
RAGE OF DUST,7,122,Cu,De
RAGE OF DUST,13,197,Cu,Re
RAGE OF DUST,19,496,Cu,Pr
RAGE OF DUST,27,800,Cu,Ma
亜麻色の髪の乙女,6,102,Co,De
亜麻色の髪の乙女,13,213,Co,Re
亜麻色の髪の乙女,18,373,Co,Pr
亜麻色の髪の乙女,22,471,Co,Ma
君の青春は輝いているか,6,76,Pa,De
君の青春は輝いているか,12,175,Pa,Re
君の青春は輝いているか,16,317,Pa,Pr
君の青春は輝いているか,23,423,Pa,Ma
大きな古時計,5,61,Co,De
大きな古時計,10,134,Co,Re
大きな古時計,17,276,Co,Pr
大きな古時計,25,445,Co,Ma
風になりたい,6,100,Al,De
風になりたい,12,168,Al,Re
風になりたい,18,388,Al,Pr
風になりたい,26,635,Al,Ma
無重力シャトル,29,981,Al,MP
ステップ＆スキップ,9,144,Cu,De
ステップ＆スキップ,13,200,Cu,Re
ステップ＆スキップ,18,327,Cu,Pr
ステップ＆スキップ,26,562,Cu,Ma
ステップ＆スキップ,29,788,Cu,MP
YELLOW YELLOW HAPPY,7,97,Cu,De
YELLOW YELLOW HAPPY,13,195,Cu,Re
YELLOW YELLOW HAPPY,17,372,Cu,Pr
YELLOW YELLOW HAPPY,24,505,Cu,Ma
HIGH PRESSURE,7,108,Co,De
HIGH PRESSURE,12,170,Co,Re
HIGH PRESSURE,18,422,Co,Pr
HIGH PRESSURE,25,667,Co,Ma
ハミングがきこえる,7,93,Cu,De
ハミングがきこえる,12,166,Cu,Re
ハミングがきこえる,16,305,Cu,Pr
ハミングがきこえる,24,514,Cu,Ma
紅,9,163,Pa,De
紅,14,254,Pa,Re
紅,19,473,Pa,Pr
紅,28,988,Pa,Ma
はじめてのチュウ,5,69,Pa,De
はじめてのチュウ,10,122,Pa,Re
はじめてのチュウ,16,271,Pa,Pr
はじめてのチュウ,23,415,Pa,Ma
ステップ！,7,116,Pa,De
ステップ！,12,173,Pa,Re
ステップ！,18,404,Pa,Pr
ステップ！,26,637,Pa,Ma
未完成の歴史,28,759,Co,MP
TRUE COLORS,7,103,Al,De
TRUE COLORS,13,187,Al,Re
TRUE COLORS,18,370,Al,Pr
TRUE COLORS,26,659,Al,Ma
TRUE COLORS,29,795,Al,LMP
TRUE COLORS,27,727,Al,Pi
TRUE COLORS,30,885,Al,Fo
Fascinate,30,983,Cu,MP
Shine！！,6,124,Al,Li
Shine！！,16,346,Al,Ti
Nation Blue,8,200,Co,Li
Nation Blue,17,396,Co,Ti
comic cosmic,7,124,Al,De
comic cosmic,13,235,Al,Re
comic cosmic,18,455,Al,Pr
comic cosmic,26,778,Al,Ma
comic cosmic,29,972,Al,MP
O-Ku-Ri-Mo-No Sunday！,30,999,Pa,MP
Radio Happy,29,999,Pa,MP
全力☆Summer！,8,125,Cu,De
全力☆Summer！,14,239,Cu,Re
全力☆Summer！,18,390,Cu,Pr
全力☆Summer！,27,757,Cu,Ma
LOVE☆ハズカム,6,83,Cu,De
LOVE☆ハズカム,12,142,Cu,Re
LOVE☆ハズカム,17,323,Cu,Pr
LOVE☆ハズカム,25,518,Cu,Ma
夏恋 -NATSU KOI-,7,111,Co,De
夏恋 -NATSU KOI-,12,169,Co,Re
夏恋 -NATSU KOI-,17,323,Co,Pr
夏恋 -NATSU KOI-,25,658,Co,Ma
夏恋 -NATSU KOI-,28,868,Co,MP
Needle Li,29,888,Co,MP
共鳴世界の存在論,30,997,Co,MP
できたて Evo！Revo！Generation！,6,146,Al,Li
できたて Evo！Revo！Generation！,17,389,Al,Ti
アタシポンコツアンドロイド,6,127,Cu,Li
アタシポンコツアンドロイド,17,390,Cu,Ti
バベル,9,151,Co,De
バベル,14,229,Co,Re
バベル,19,426,Co,Pr
バベル,27,701,Co,Ma
バベル,31,"1,141",Co,LMP
Starry-Go-Round,30,994,Al,MP
恋のHamburg♪,29,944,Cu,MP
タッタ,6,88,Al,De
タッタ,13,201,Al,Re
タッタ,18,481,Al,Pr
タッタ,26,764,Al,Ma
Stage Bye Stage,7,120,Al,De
Stage Bye Stage,13,196,Al,Re
Stage Bye Stage,18,349,Al,Pr
Stage Bye Stage,25,548,Al,Ma
Stage Bye Stage,28,775,Al,LMP
Stage Bye Stage,26,705,Al,Pi
Stage Bye Stage,30,878,Al,Fo
スパイスパラダイス,28,888,Pa,MP
ミラクルテレパシー,29,998,Pa,MP
お願い！シンデレラ（GRAND VERSION）,26,622,Al,Pi
お願い！シンデレラ（GRAND VERSION）,29,820,Al,Fo
Trust me,27,629,Al,Pi
Trust me,32,"1,032",Al,Fo
イリュージョニスタ！,27,760,Al,Pi
イリュージョニスタ！,31,952,Al,Fo
Starry-Go-Round,28,"1,283",Al,Pi
Starry-Go-Round,31,"1,018",Al,Fo
GOIN’！！！,6,132,Al,Li
GOIN’！！！,16,341,Al,Ti
きみにいっぱい☆,5,105,Pa,Li
きみにいっぱい☆,16,357,Pa,Ti
Hello Especially,6,95,Co,De
Hello Especially,12,184,Co,Re
Hello Especially,17,310,Co,Pr
Hello Especially,24,506,Co,Ma
TAKAMARI☆CLIMAXXX！！！！！,9,152,Pa,De
TAKAMARI☆CLIMAXXX！！！！！,13,213,Pa,Re
TAKAMARI☆CLIMAXXX！！！！！,19,509,Pa,Pr
TAKAMARI☆CLIMAXXX！！！！！,27,884,Pa,Ma
TAKAMARI☆CLIMAXXX！！！！！,30,999,Pa,LMP
義勇忍侠花吹雪,29,924,Al,MP
in fact,26,516,Co,MP
炎の華,8,104,Pa,De
炎の華,13,203,Pa,Re
炎の華,17,350,Pa,Pr
炎の華,24,583,Pa,Ma
Palette,29,950,Cu,MP
ラヴィアンローズ,28,877,Cu,MP
青空エール,7,118,Al,De
青空エール,13,201,Al,Re
青空エール,18,353,Al,Pr
青空エール,25,582,Al,Ma
青空エール,28,905,Al,LMP
?桃色片想い?,8,123,Cu,De
?桃色片想い?,13,207,Cu,Re
?桃色片想い?,17,360,Cu,Pr
?桃色片想い?,25,604,Cu,Ma
夕映えプレゼント,4,88,Al,Li
夕映えプレゼント,16,371,Al,Ti
咲いてJewel,6,141,Co,Li
咲いてJewel,17,407,Co,Ti
Max Beat,8,112,Co,De
Max Beat,13,186,Co,Re
Max Beat,18,415,Co,Pr
Max Beat,26,698,Co,Ma
Max Beat,29,896,Co,LMP
Sunshine See May,29,664,Pa,MP
気持ちいいよね 一等賞！,29,986,Pa,MP
AnemoneStar,8,110,Co,De
AnemoneStar,13,186,Co,Re
AnemoneStar,18,360,Co,Pr
AnemoneStar,26,649,Co,Ma
Trust me,30,998,Al,MP
青の一番星,29,925,Co,MP
無重力シャトル,8,119,Al,De
無重力シャトル,13,203,Al,Re
無重力シャトル,18,437,Al,Pr
無重力シャトル,26,724,Al,Ma
無重力シャトル,29,974,Al,LMP
Star！！,8,174,Al,Li
Star！！,17,400,Al,Ti
明日また会えるよね,5,104,Cu,Li
明日また会えるよね,16,371,Cu,Ti
君への詩,28,753,Al,MP
恋色エナジー,28,777,Cu,MP
きゅん・きゅん・まっくす,7,93,Cu,De
きゅん・きゅん・まっくす,13,164,Cu,Re
きゅん・きゅん・まっくす,18,421,Cu,Pr
きゅん・きゅん・まっくす,25,689,Cu,Ma
きゅん・きゅん・まっくす,28,915,Cu,LMP
はにかみdays,7,101,Cu,De
はにかみdays,12,165,Cu,Re
はにかみdays,17,317,Cu,Pr
はにかみdays,23,471,Cu,Ma
LIFE,7,110,Pa,De
LIFE,12,196,Pa,Re
LIFE,18,381,Pa,Pr
LIFE,25,672,Pa,Ma
ドレミファクトリー！,28,883,Al,MP
Can’t Stop！！,29,977,Pa,MP
O-Ku-Ri-Mo-No Sunday！,7,108,Pa,De
O-Ku-Ri-Mo-No Sunday！,13,194,Pa,Re
O-Ku-Ri-Mo-No Sunday！,18,453,Pa,Pr
O-Ku-Ri-Mo-No Sunday！,26,794,Pa,Ma
O-Ku-Ri-Mo-No Sunday！,29,998,Pa,LMP
メッセージ,6,92,Al,Li
メッセージ,15,308,Al,Ti
谷の底で咲く花は,4,88,Cu,Li
谷の底で咲く花は,11,170,Cu,Ti
アンデッド・ダンスロック,29,888,Co,MP
小さな恋の密室事件,30,880,Co,MP
未完成の歴史,7,96,Co,De
未完成の歴史,12,160,Co,Re
未完成の歴史,17,311,Co,Pr
未完成の歴史,25,523,Co,Ma
未完成の歴史,28,744,Co,LMP
スターラブレイション,7,114,Pa,De
スターラブレイション,13,216,Pa,Re
スターラブレイション,18,394,Pa,Pr
スターラブレイション,26,704,Pa,Ma
ツバサ,7,116,Co,De
ツバサ,12,186,Co,Re
ツバサ,16,324,Co,Pr
ツバサ,24,565,Co,Ma
クレイジークレイジー,29,983,Cu,MP
秘密のトワレ,30,947,Cu,MP
Nebula Sky,6,69,Co,De
Nebula Sky,13,201,Co,Re
Nebula Sky,18,371,Co,Pr
Nebula Sky,25,531,Co,Ma
Fascinate,8,117,Cu,De
Fascinate,13,199,Cu,Re
Fascinate,18,394,Cu,Pr
Fascinate,26,698,Cu,Ma
Fascinate,30,964,Cu,LMP
毒茸伝説,30,980,Pa,MP
SUN?FLOWER,29,998,Pa,MP
We’re the friends！,7,148,Al,Li
We’re the friends！,15,304,Al,Ti
おんなの道は星の道,4,86,Pa,Li
おんなの道は星の道,17,320,Pa,Ti
Needle Li,7,103,Co,De
Needle Li,14,235,Co,Re
Needle Li,18,386,Co,Pr
Needle Li,26,766,Co,Ma
Needle Li,29,888,Co,LMP
Pretty Liar,29,866,Co,MP
薄荷 -ハッカ-,26,457,Co,MP
谷の底で咲く花は,6,77,Cu,De
谷の底で咲く花は,11,138,Cu,Re
谷の底で咲く花は,16,245,Cu,Pr
谷の底で咲く花は,25,475,Cu,Ma
義勇忍侠花吹雪,8,116,Al,De
義勇忍侠花吹雪,13,215,Al,Re
義勇忍侠花吹雪,19,408,Al,Pr
義勇忍侠花吹雪,26,757,Al,Ma
義勇忍侠花吹雪,29,918,Al,LMP
凸凹スピードスター,31,"1,077",Cu,MP
き・ま・ぐ・れ☆Cafe au lait！,27,724,Cu,MP
輝く世界の魔法,7,168,Al,Li
輝く世界の魔法,16,394,Al,Ti
絶対特権主張しますっ！,8,195,Pa,Li
絶対特権主張しますっ！,16,344,Pa,Ti
スパイスパラダイス,8,120,Pa,De
スパイスパラダイス,13,234,Pa,Re
スパイスパラダイス,18,408,Pa,Pr
スパイスパラダイス,25,607,Pa,Ma
スパイスパラダイス,28,883,Pa,LMP
銀のイルカと熱い風,30,999,Al,MP
熱血乙女A,28,927,Pa,MP
心もよう,5,63,Al,De
心もよう,11,141,Al,Re
心もよう,15,222,Al,Pr
心もよう,21,378,Al,Ma
虹,6,91,Co,De
虹,13,161,Co,Re
虹,17,307,Co,Pr
虹,24,578,Co,Ma
友達の唄,7,101,Pa,De
友達の唄,12,186,Pa,Re
友達の唄,18,396,Pa,Pr
友達の唄,25,636,Pa,Ma
Palette,8,117,Cu,De
Palette,13,221,Cu,Re
Palette,19,440,Cu,Pr
Palette,26,765,Cu,Ma
Palette,29,948,Cu,LMP
ガールズ・イン・ザ・フロンティア,30,879,Al,MP
2nd SIDE,29,783,Co,MP
とどけ！アイドル,6,123,Al,Li
とどけ！アイドル,15,332,Al,Ti
オルゴールの小箱,5,90,Co,Li
オルゴールの小箱,14,236,Co,Ti
Trust me,8,122,Al,De
Trust me,14,230,Al,Re
Trust me,19,427,Al,Pr
Trust me,27,840,Al,Ma
Trust me,30,995,Al,LMP
HARURUNRUN,29,972,Cu,MP
メルヘンデビュー！,30,977,Cu,MP
行くぜっ！怪盗少女,7,111,Pa,De
行くぜっ！怪盗少女,13,184,Pa,Re
行くぜっ！怪盗少女,17,353,Pa,Pr
行くぜっ！怪盗少女,26,688,Pa,Ma
おんなの道は星の道,7,94,Pa,De
おんなの道は星の道,13,152,Pa,Re
おんなの道は星の道,17,248,Pa,Pr
おんなの道は星の道,25,448,Pa,Ma
Virgin Love,28,904,Pa,MP
Wonder goes on！！,29,993,Al,MP
君への詩,7,96,Al,De
君への詩,13,201,Al,Re
君への詩,17,343,Al,Pr
君への詩,25,520,Al,Ma
君への詩,28,692,Al,LMP
HOT LIMIT,6,90,Cu,De
HOT LIMIT,12,160,Cu,Re
HOT LIMIT,17,371,Cu,Pr
HOT LIMIT,25,605,Cu,Ma
楽園,7,161,Cu,Li
楽園,15,269,Cu,Ti
Last Kiss,6,122,Co,Li
Last Kiss,15,298,Co,Ti
祈りの花,6,116,Pa,Li
祈りの花,15,257,Pa,Ti
この空の下,26,521,Co,MP
エチュードは1曲だけ,28,817,Co,MP
Sunshine See May,7,109,Pa,De
Sunshine See May,13,189,Pa,Re
Sunshine See May,19,457,Pa,Pr
Sunshine See May,26,521,Pa,Ma
Sunshine See May,29,664,Pa,LMP
Last Kiss,7,95,Co,De
Last Kiss,12,154,Co,Re
Last Kiss,17,324,Co,Pr
Last Kiss,25,590,Co,Ma
桜の風,29,696,Al,MP
Heart Voice,29,919,Cu,MP
Starry-Go-Round,8,121,Al,De
Starry-Go-Round,13,229,Al,Re
Starry-Go-Round,19,457,Al,Pr
Starry-Go-Round,27,767,Al,Ma
Starry-Go-Round,30,980,Al,LMP
あいくるしい ～For SS3A rearrange Mix～,7,131,Cu,De
あいくるしい ～For SS3A rearrange Mix～,13,177,Cu,Re
あいくるしい ～For SS3A rearrange Mix～,18,422,Cu,Pr
あいくるしい ～For SS3A rearrange Mix～,26,711,Cu,Ma
パステルピンクな恋,7,164,Cu,Li
パステルピンクな恋,16,342,Cu,Ti
Spring Screaming,29,902,Pa,MP
お散歩カメラ,29,937,Pa,MP
アンデッド・ダンスロック,7,100,Co,De
アンデッド・ダンスロック,13,200,Co,Re
アンデッド・ダンスロック,18,333,Co,Pr
アンデッド・ダンスロック,26,666,Co,Ma
アンデッド・ダンスロック,29,888,Co,LMP
Near to You -PicoPico D’n’B Remix-,7,119,Al,De
Near to You -PicoPico D’n’B Remix-,13,227,Al,Re
Near to You -PicoPico D’n’B Remix-,19,405,Al,Pr
Near to You -PicoPico D’n’B Remix-,27,888,Al,Ma
ゴキゲンParty Night -Dance！！！！！！！！！！！！！！！ Remix-,7,83,Al,De
ゴキゲンParty Night -Dance！！！！！！！！！！！！！！！ Remix-,12,181,Al,Re
ゴキゲンParty Night -Dance！！！！！！！！！！！！！！！ Remix-,17,345,Al,Pr
ゴキゲンParty Night -Dance！！！！！！！！！！！！！！！ Remix-,27,716,Al,Ma
Nocturne ～For SS3A rearrange Mix～,7,93,Co,De
Nocturne ～For SS3A rearrange Mix～,13,149,Co,Re
Nocturne ～For SS3A rearrange Mix～,18,311,Co,Pr
Nocturne ～For SS3A rearrange Mix～,26,554,Co,Ma
Frost,29,725,Co,MP
Hotel Moonside,27,779,Co,MP
ドレミファクトリー！,8,122,Al,De
ドレミファクトリー！,13,220,Al,Re
ドレミファクトリー！,18,404,Al,Pr
ドレミファクトリー！,24,534,Al,Ma
ドレミファクトリー！,28,871,Al,LMP
Lunatic Show ～For SS3A rearrange Mix～,7,100,Pa,De
Lunatic Show ～For SS3A rearrange Mix～,13,185,Pa,Re
Lunatic Show ～For SS3A rearrange Mix～,17,280,Pa,Pr
Lunatic Show ～For SS3A rearrange Mix～,27,668,Pa,Ma
キラッ！満開スマイル,29,926,Cu,MP
花簪 HANAKANZASHI,29,856,Cu,MP
Pretty Liar,7,93,Co,De
Pretty Liar,13,181,Co,Re
Pretty Liar,19,368,Co,Pr
Pretty Liar,26,732,Co,Ma
Pretty Liar,29,865,Co,LMP
LOVE ＆ PEACH,7,94,Cu,De
LOVE ＆ PEACH,12,180,Cu,Re
LOVE ＆ PEACH,17,391,Cu,Pr
LOVE ＆ PEACH,25,598,Cu,Ma
EVERMORE,9,192,Al,Li
EVERMORE,17,367,Al,Ti
Yes！ Party Time！！,7,167,Al,Li
Yes！ Party Time！！,16,363,Al,Ti
shabon song ～For SS3A rearrange Mix～,7,105,Pa,De
shabon song ～For SS3A rearrange Mix～,13,194,Pa,Re
shabon song ～For SS3A rearrange Mix～,19,407,Pa,Pr
shabon song ～For SS3A rearrange Mix～,27,861,Pa,Ma
輝く世界の魔法 -Magical Step Forward Remix-,8,119,Al,De
輝く世界の魔法 -Magical Step Forward Remix-,13,197,Al,Re
輝く世界の魔法 -Magical Step Forward Remix-,18,380,Al,Pr
輝く世界の魔法 -Magical Step Forward Remix-,27,716,Al,Ma
Vast world,28,872,Al,MP
夏色,7,96,Pa,De
夏色,13,194,Pa,Re
夏色,17,339,Pa,Pr
夏色,25,579,Pa,Ma
サヨナラバス,6,84,Co,De
サヨナラバス,12,152,Co,Re
サヨナラバス,17,359,Co,Pr
サヨナラバス,25,543,Co,Ma
Flip Flop ～For SS3A rearrange Mix～,8,119,Co,De
Flip Flop ～For SS3A rearrange Mix～,14,232,Co,Re
Flip Flop ～For SS3A rearrange Mix～,19,395,Co,Pr
Flip Flop ～For SS3A rearrange Mix～,27,755,Co,Ma
ガールズ・イン・ザ・フロンティア,7,92,Al,De
ガールズ・イン・ザ・フロンティア,13,193,Al,Re
ガールズ・イン・ザ・フロンティア,18,337,Al,Pr
ガールズ・イン・ザ・フロンティア,26,663,Al,Ma
ガールズ・イン・ザ・フロンティア,30,870,Al,LMP
ツインテールの風,30,853,Al,MP
クレイジークレイジー,8,119,Cu,De
クレイジークレイジー,13,198,Cu,Re
クレイジークレイジー,18,345,Cu,Pr
クレイジークレイジー,26,681,Cu,Ma
クレイジークレイジー,29,983,Cu,LMP
always,28,635,Al,MP
楽園,6,75,Cu,De
楽園,11,142,Cu,Re
楽園,16,314,Cu,Pr
楽園,24,465,Cu,Ma
凸凹スピードスター,9,164,Cu,De
凸凹スピードスター,14,260,Cu,Re
凸凹スピードスター,19,497,Cu,Pr
凸凹スピードスター,27,856,Cu,Ma
凸凹スピードスター,31,"1,077",Cu,LMP
Happy New Yeah！,29,970,Al,MP
Rockin’ Emotion,29,993,Pa,MP
lilac time,8,186,Pa,Li
lilac time,17,403,Pa,Ti
追い風Running,6,110,Cu,Li
追い風Running,17,370,Cu,Ti
One Life,5,100,Co,Li
One Life,15,317,Co,Ti
SUN?FLOWER,8,123,Pa,De
SUN?FLOWER,13,220,Pa,Re
SUN?FLOWER,18,393,Pa,Pr
SUN?FLOWER,26,783,Pa,Ma
SUN?FLOWER,29,995,Pa,LMP
美に入り彩を穿つ,30,992,Al,MP
Bright Blue,26,500,Co,MP
恋が咲く季節,28,736,Al,MP
エヴリデイドリーム,28,729,Cu,MP
銀のイルカと熱い風,8,123,Al,De
銀のイルカと熱い風,14,252,Al,Re
銀のイルカと熱い風,19,474,Al,Pr
銀のイルカと熱い風,26,757,Al,Ma
銀のイルカと熱い風,29,989,Al,LMP
To my darling...,7,150,Cu,Li
To my darling...,14,300,Cu,Ti
みんなのきもち,7,147,Pa,Li
みんなのきもち,14,278,Pa,Ti
こいかぜ,5,98,Co,Li
こいかぜ,16,309,Co,Ti
エチュードは1曲だけ,8,119,Co,De
エチュードは1曲だけ,13,174,Co,Re
エチュードは1曲だけ,18,425,Co,Pr
エチュードは1曲だけ,26,695,Co,Ma
エチュードは1曲だけ,28,812,Co,LMP
アップルパイ・プリンセス,28,834,Pa,MP
冬空プレシャス,29,893,Pa,MP
祈りの花,6,83,Pa,De
祈りの花,12,159,Pa,Re
祈りの花,19,388,Pa,Pr
祈りの花,27,675,Pa,Ma
Trinity Field,30,938,Co,MP
Angel Breeze,27,663,Co,MP
Virgin Love,9,159,Pa,De
Virgin Love,14,261,Pa,Re
Virgin Love,18,480,Pa,Pr
Virgin Love,25,662,Pa,Ma
Virgin Love,28,885,Pa,LMP
恋のHamburg♪,4,80,Cu,Li
恋のHamburg♪,16,390,Cu,Ti
共鳴世界の存在論,8,162,Co,Li
共鳴世界の存在論,18,417,Co,Ti
Radio Happy,5,111,Pa,Li
Radio Happy,18,410,Pa,Ti
Halloween?Code,29,936,Cu,MP
Naked Romance,29,898,Cu,MP
HARURUNRUN,7,104,Cu,De
HARURUNRUN,13,182,Cu,Re
HARURUNRUN,18,385,Cu,Pr
HARURUNRUN,26,742,Cu,Ma
HARURUNRUN,29,970,Cu,LMP
Heart Voice,9,130,Cu,De
Heart Voice,14,227,Cu,Re
Heart Voice,18,335,Cu,Pr
Heart Voice,27,756,Cu,Ma
キミのそばでずっと,27,584,Al,MP
TOKIMEKIエスカレート,30,937,Pa,MP
桜の風,8,126,Al,De
桜の風,14,169,Al,Re
桜の風,19,398,Al,Pr
桜の風,26,542,Al,Ma
桜の風,29,688,Al,LMP
One Life,7,106,Co,De
One Life,13,200,Co,Re
One Life,17,366,Co,Pr
One Life,25,513,Co,Ma
ラヴィアンローズ,5,105,Cu,Li
ラヴィアンローズ,14,320,Cu,Ti
in fact,6,114,Co,Li
in fact,15,263,Co,Ti
ミラクルテレパシー,5,108,Pa,Li
ミラクルテレパシー,14,257,Pa,Ti
秋風に手を振って,29,791,Al,MP
You’re stars shine on me,28,677,Co,MP
Spring Screaming,6,79,Pa,De
Spring Screaming,13,180,Pa,Re
Spring Screaming,18,362,Pa,Pr
Spring Screaming,26,729,Pa,Ma
Spring Screaming,29,896,Pa,LMP
イリュージョニスタ！,29,823,Al,MP
ショコラ・ティアラ,28,787,Cu,MP
Tulip（SP VERSION）,8,121,Al,De
Tulip（SP VERSION）,13,200,Al,Re
Tulip（SP VERSION）,18,380,Al,Pr
Tulip（SP VERSION）,27,855,Al,Ma
Vast world,7,96,Al,De
Vast world,13,214,Al,Re
Vast world,18,374,Al,Pr
Vast world,25,570,Al,Ma
Vast world,28,869,Al,LMP
恋色エナジー,4,86,Cu,Li
恋色エナジー,13,246,Cu,Ti
青の一番星,8,182,Co,Li
青の一番星,17,356,Co,Ti
気持ちいいよね 一等賞！,8,190,Pa,Li
気持ちいいよね 一等賞！,13,240,Pa,Ti
Twin☆くるっ★テール,30,933,Pa,MP
Romantic Now,29,835,Pa,MP
キラッ！満開スマイル,7,110,Cu,De
キラッ！満開スマイル,13,181,Cu,Re
キラッ！満開スマイル,19,426,Cu,Pr
キラッ！満開スマイル,26,775,Cu,Ma
キラッ！満開スマイル,29,918,Cu,LMP
双翼の独奏歌,30,918,Co,MP
ヴィーナスシンドローム,28,891,Co,MP
ツインテールの風,6,87,Al,De
ツインテールの風,12,169,Al,Re
ツインテールの風,17,311,Al,Pr
ツインテールの風,26,652,Al,Ma
ツインテールの風,29,793,Al,LMP
Kawaii make MY day！,29,832,Cu,MP
あんずのうた,30,998,Cu,MP
秘密のトワレ,5,101,Cu,Li
秘密のトワレ,18,491,Cu,Ti
小さな恋の密室事件,7,143,Co,Li
小さな恋の密室事件,17,376,Co,Ti
Can’t Stop！！,6,119,Pa,Li
Can’t Stop！！,14,295,Pa,Ti
Frost,7,77,Co,De
Frost,13,157,Co,Re
Frost,17,266,Co,Pr
Frost,25,483,Co,Ma
Frost,29,722,Co,LMP
Take me☆Take you,28,870,Al,MP
追い風Running,9,142,Cu,De
追い風Running,14,217,Cu,Re
追い風Running,19,368,Cu,Pr
追い風Running,27,744,Cu,Ma
always,6,78,Al,De
always,12,164,Al,Re
always,18,295,Al,Pr
always,25,434,Al,Ma
always,28,632,Al,LMP
リトルリドル,29,851,Al,MP
き・ま・ぐ・れ☆Cafe au lait！,8,186,Cu,Li
き・ま・ぐ・れ☆Cafe au lait！,15,283,Cu,Ti
薄荷 -ハッカ-,3,56,Co,Li
薄荷 -ハッカ-,12,211,Co,Ti
毒茸伝説,6,111,Pa,Li
毒茸伝説,17,378,Pa,Ti
With Love,28,741,Al,MP
美に入り彩を穿つ,9,149,Al,De
美に入り彩を穿つ,14,228,Al,Re
美に入り彩を穿つ,19,474,Al,Pr
美に入り彩を穿つ,27,830,Al,Ma
美に入り彩を穿つ,30,990,Al,LMP
Yes！ Party Time！！,29,976,Al,MP
私色ギフト,27,750,Pa,MP
Happy New Yeah！,9,150,Al,De
Happy New Yeah！,14,237,Al,Re
Happy New Yeah！,19,433,Al,Pr
Happy New Yeah！,26,736,Al,Ma
Happy New Yeah！,29,971,Al,LMP
こいかぜ -花葉-,6,87,Co,De
こいかぜ -花葉-,14,187,Co,Re
こいかぜ -花葉-,18,291,Co,Pr
こいかぜ -花葉-,25,432,Co,Ma
メルヘンデビュー！,7,177,Cu,Li
メルヘンデビュー！,17,477,Cu,Ti
2nd SIDE,6,99,Co,Li
2nd SIDE,14,256,Co,Ti
熱血乙女A,7,122,Pa,Li
熱血乙女A,15,337,Pa,Ti
冬空プレシャス,7,104,Pa,De
冬空プレシャス,13,191,Pa,Re
冬空プレシャス,17,348,Pa,Pr
冬空プレシャス,26,681,Pa,Ma
冬空プレシャス,29,884,Pa,LMP
Nothing but You,29,930,Al,MP
#NAME?,30,948,Co,MP
桜の頃,29,590,Al,MP
OωOver！！,29,978,Cu,MP
恋が咲く季節,6,98,Al,De
恋が咲く季節,12,168,Al,Re
恋が咲く季節,17,361,Al,Pr
恋が咲く季節,25,617,Al,Ma
恋が咲く季節,28,733,Al,LMP
花簪 HANAKANZASHI,5,82,Cu,Li
花簪 HANAKANZASHI,15,259,Cu,Ti
Hotel Moonside,7,180,Co,Li
Hotel Moonside,18,512,Co,Ti
お散歩カメラ,5,91,Pa,Li
お散歩カメラ,16,331,Pa,Ti
絶対特権主張しますっ！,30,995,Pa,MP
モーレツ★世直しギルティ！,29,910,Pa,MP
Trinity Field,8,119,Co,De
Trinity Field,13,189,Co,Re
Trinity Field,18,379,Co,Pr
Trinity Field,26,682,Co,Ma
Trinity Field,30,933,Co,LMP
lilac time,6,89,Pa,De
lilac time,12,164,Pa,Re
lilac time,16,287,Pa,Pr
lilac time,24,579,Pa,Ma
オルゴールの小箱,28,652,Co,MP
Nocturne,29,873,Co,MP
秋風に手を振って,7,106,Al,De
秋風に手を振って,13,209,Al,Re
秋風に手を振って,17,334,Al,Pr
秋風に手を振って,26,654,Al,Ma
秋風に手を振って,29,790,Al,LMP
shabon song,28,692,Cu,MP
パステルピンクな恋,29,787,Cu,MP
Halloween?Code,8,125,Cu,De
Halloween?Code,13,201,Cu,Re
Halloween?Code,18,395,Cu,Pr
Halloween?Code,26,741,Cu,Ma
Halloween?Code,29,911,Cu,LMP
S（mile）ING！,5,115,Cu,Li
S（mile）ING！,12,226,Cu,Ti
Never say never,6,146,Co,Li
Never say never,16,403,Co,Ti
ミツボシ☆☆★,5,98,Pa,Li
ミツボシ☆☆★,15,376,Pa,Ti
おねだり Shall We ～？,6,106,Cu,Li
おねだり Shall We ～？,16,310,Cu,Ti
TwiLi Sky,4,89,Co,Li
TwiLi Sky,15,321,Co,Ti
DOKIDOKIリズム,5,98,Pa,Li
DOKIDOKIリズム,12,234,Pa,Ti
風色メロディ,2,54,Cu,Li
風色メロディ,10,153,Cu,Ti
ましゅまろ☆キッス,6,91,Pa,Li
ましゅまろ☆キッス,16,326,Pa,Ti
あんずのうた,9,241,Cu,Li
あんずのうた,18,438,Cu,Ti
華蕾夢ミル狂詩曲 ～魂ノ導～,9,198,Co,Li
華蕾夢ミル狂詩曲 ～魂ノ導～,17,385,Co,Ti
ショコラ・ティアラ,3,72,Cu,Li
ショコラ・ティアラ,14,268,Cu,Ti
ヴィーナスシンドローム,6,126,Co,Li
ヴィーナスシンドローム,16,331,Co,Ti
Romantic Now,4,86,Pa,Li
Romantic Now,11,168,Pa,Ti
You’re stars shine on me,2,47,Co,Li
You’re stars shine on me,10,152,Co,Ti
TOKIMEKIエスカレート,9,268,Pa,Li
TOKIMEKIエスカレート,18,641,Pa,Ti
Naked Romance,7,145,Cu,Li
Naked Romance,15,342,Cu,Ti
Angel Breeze,5,84,Co,Li
Angel Breeze,13,247,Co,Ti
アップルパイ・プリンセス,3,62,Pa,Li
アップルパイ・プリンセス,15,294,Pa,Ti
エヴリデイドリーム,8,185,Cu,Li
エヴリデイドリーム,16,310,Cu,Ti
Bright Blue,1,39,Co,Li
Bright Blue,11,253,Co,Ti
Rockin’ Emotion,5,101,Pa,Li
Rockin’ Emotion,16,377,Pa,Ti
私色ギフト,7,124,Pa,De
私色ギフト,12,210,Pa,Re
私色ギフト,17,335,Pa,Pr
私色ギフト,25,565,Pa,Ma
情熱ファンファンファーレ,29,858,Pa,MP
できたて Evo！Revo！Generation！,29,913,Al,MP
キミのそばでずっと,7,105,Al,De
キミのそばでずっと,13,230,Al,Re
キミのそばでずっと,18,295,Al,Pr
キミのそばでずっと,24,471,Al,Ma
キミのそばでずっと,27,603,Al,LMP
メッセージ,28,738,Al,MP
∀NSWER,30,888,Al,MP
Twin☆くるっ★テール,9,155,Pa,De
Twin☆くるっ★テール,14,245,Pa,Re
Twin☆くるっ★テール,19,399,Pa,Pr
Twin☆くるっ★テール,26,666,Pa,Ma
Twin☆くるっ★テール,30,918,Pa,LMP
あんきら！？狂騒曲,30,998,Cu,MP
ススメ☆オトメ ～jewel parade～,28,691,Al,MP
こいかぜ,6,78,Co,De
こいかぜ,12,168,Co,Re
こいかぜ,18,378,Co,Pr
こいかぜ,26,636,Co,Ma
イリュージョニスタ！,9,168,Al,De
イリュージョニスタ！,14,262,Al,Re
イリュージョニスタ！,19,377,Al,Pr
イリュージョニスタ！,26,743,Al,Ma
イリュージョニスタ！,29,821,Al,LMP
Wonder goes on！！,8,121,Al,De
Wonder goes on！！,13,257,Al,Re
Wonder goes on！！,18,466,Al,Pr
Wonder goes on！！,25,640,Al,Ma
ましゅまろ☆キッス,27,745,Pa,MP
Sweet Witches’ Night ～6人目はだぁれ～,29,788,Al,MP
双翼の独奏歌,9,166,Co,De
双翼の独奏歌,14,228,Co,Re
双翼の独奏歌,19,386,Co,Pr
双翼の独奏歌,27,699,Co,Ma
双翼の独奏歌,30,915,Co,LMP
華蕾夢ミル狂詩曲 ～魂ノ導～,29,950,Co,MP
Lunatic Show,29,788,Co,MP
Take me☆Take you,7,98,Al,De
Take me☆Take you,13,183,Al,Re
Take me☆Take you,18,381,Al,Pr
Take me☆Take you,24,570,Al,Ma
Take me☆Take you,27,856,Al,LMP
風色メロディ,27,512,Cu,MP
あいくるしい,28,656,Al,MP
みんなのきもち,6,85,Pa,De
みんなのきもち,12,153,Pa,Re
みんなのきもち,17,316,Pa,Pr
みんなのきもち,24,560,Pa,Ma
Kawaii make MY day！,8,126,Cu,De
Kawaii make MY day！,14,225,Cu,Re
Kawaii make MY day！,18,376,Cu,Pr
Kawaii make MY day！,26,661,Cu,Ma
Kawaii make MY day！,29,830,Cu,LMP
輝く世界の魔法,28,702,Al,MP
命燃やして恋せよ乙女,29,738,Al,MP
Flip Flop,29,864,Pa,MP
Snow Wings,30,862,Al,MP
Jet to the Future,29,804,Co,MP
STORY,28,766,Al,MP
リトルリドル,8,121,Al,De
リトルリドル,14,233,Al,Re
リトルリドル,18,411,Al,Pr
リトルリドル,26,652,Al,Ma
リトルリドル,29,770,Al,LMP
To my darling...,7,100,Cu,De
To my darling...,13,200,Cu,Re
To my darling...,17,350,Cu,Pr
To my darling...,24,500,Cu,Ma
Star！！,30,950,Al,MP
Yes！ Party Time！！,8,137,Al,De
Yes！ Party Time！！,13,213,Al,Re
Yes！ Party Time！！,19,405,Al,Pr
Yes！ Party Time！！,25,688,Al,Ma
Yes！ Party Time！！,29,974,Al,LMP
EVERMORE,29,859,Al,MP
ラブレター,29,793,Cu,MP
DOKIDOKIリズム,28,825,Pa,MP
サマカニ！！,30,979,Al,MP
きみにいっぱい☆,28,831,Pa,MP
With Love,6,89,Al,De
With Love,12,159,Al,Re
With Love,16,295,Al,Pr
With Love,25,565,Al,Ma
With Love,28,741,Al,LMP
この空の下,6,79,Co,De
この空の下,13,119,Co,Re
この空の下,17,274,Co,Pr
この空の下,23,413,Co,Ma
TwiLi Sky,27,758,Co,MP
BEYOND THE STARLi,29,811,Al,MP
咲いてJewel,29,923,Co,MP
モーレツ★世直しギルティ！,7,113,Pa,De
モーレツ★世直しギルティ！,13,207,Pa,Re
モーレツ★世直しギルティ！,18,443,Pa,Pr
モーレツ★世直しギルティ！,26,743,Pa,Ma
モーレツ★世直しギルティ！,29,911,Pa,LMP
Radio Happy,7,105,Pa,De
Radio Happy,13,263,Pa,Re
Radio Happy,19,394,Pa,Pr
Radio Happy,27,739,Pa,Ma
おねだり Shall We ～？,27,683,Cu,MP
明日また会えるよね,28,820,Cu,MP
Near to You,29,870,Al,MP
Nothing but You,7,110,Al,De
Nothing but You,13,201,Al,Re
Nothing but You,17,392,Al,Pr
Nothing but You,26,737,Al,Ma
Nothing but You,29,845,Al,LMP
共鳴世界の存在論,8,104,Co,De
共鳴世界の存在論,13,200,Co,Re
共鳴世界の存在論,19,414,Co,Pr
共鳴世界の存在論,27,815,Co,Ma
LET’S GO HAPPY！！,29,986,Pa,MP
ハイファイ☆デイズ,28,800,Al,MP
純情Midnight伝説,29,927,Al,MP
Nocturne,8,121,Co,De
Nocturne,13,187,Co,Re
Nocturne,19,419,Co,Pr
Nocturne,26,578,Co,Ma
Nocturne,29,812,Co,LMP
Memories,26,603,Co,MP
Absolute NIne,30,999,Al,MP
生存本能ヴァルキュリア,30,953,Al,MP
shabon song,7,82,Cu,De
shabon song,13,163,Cu,Re
shabon song,17,295,Cu,Pr
shabon song,25,573,Cu,Ma
shabon song,28,674,Cu,LMP
恋のHamburg♪,7,110,Cu,De
恋のHamburg♪,13,216,Cu,Re
恋のHamburg♪,17,324,Cu,Pr
恋のHamburg♪,25,586,Cu,Ma
Happy×2 Days,27,661,Cu,MP
Tulip,30,868,Al,MP
Love∞Destiny,29,739,Al,MP
∀NSWER,7,90,Al,De
∀NSWER,13,201,Al,Re
∀NSWER,18,342,Al,Pr
∀NSWER,26,620,Al,Ma
∀NSWER,30,888,Al,LMP
エンジェル ドリーム,9,127,Al,De
エンジェル ドリーム,13,226,Al,Re
エンジェル ドリーム,17,349,Al,Pr
エンジェル ドリーム,26,765,Al,Ma
We’re the friends！,26,638,Al,MP
ミツボシ☆☆★,27,805,Pa,MP
Orange Sapphire,29,918,Pa,MP
ゴキゲンParty Night,29,928,Al,MP
桜の頃,8,131,Al,De
桜の頃,14,198,Al,Re
桜の頃,19,346,Al,Pr
桜の頃,26,517,Al,Ma
桜の頃,29,586,Al,LMP
とどけ！アイドル,26,658,Al,MP
Nation Blue,29,835,Co,MP
Never say never,27,774,Co,MP
流れ星キセキ,29,814,Al,MP
ミラクルテレパシー,7,116,Pa,De
ミラクルテレパシー,13,223,Pa,Re
ミラクルテレパシー,19,412,Pa,Pr
ミラクルテレパシー,26,695,Pa,Ma
情熱ファンファンファーレ,8,101,Pa,De
情熱ファンファンファーレ,13,187,Pa,Re
情熱ファンファンファーレ,19,407,Pa,Pr
情熱ファンファンファーレ,26,700,Pa,Ma
情熱ファンファンファーレ,29,870,Pa,LMP
S（mile）ING！,27,627,Cu,MP
お願い！シンデレラ,25,527,Al,MP
アタシポンコツアンドロイド,29,822,Cu,MP
夢色ハーモニー,29,777,Al,MP
Sweet Witches’ Night ～6人目はだぁれ～,7,113,Al,De
Sweet Witches’ Night ～6人目はだぁれ～,13,173,Al,Re
Sweet Witches’ Night ～6人目はだぁれ～,19,381,Al,Pr
Sweet Witches’ Night ～6人目はだぁれ～,26,553,Al,Ma
Sweet Witches’ Night ～6人目はだぁれ～,29,774,Al,LMP
in fact,7,85,Co,De
in fact,12,147,Co,Re
in fact,18,276,Co,Pr
in fact,24,403,Co,Ma
Lunatic Show,7,88,Co,De
Lunatic Show,13,164,Co,Re
Lunatic Show,19,361,Co,Pr
Lunatic Show,26,568,Co,Ma
Lunatic Show,29,783,Co,LMP
命燃やして恋せよ乙女,8,85,Al,De
命燃やして恋せよ乙女,12,155,Al,Re
命燃やして恋せよ乙女,17,293,Al,Pr
命燃やして恋せよ乙女,25,529,Al,Ma
命燃やして恋せよ乙女,29,739,Al,LMP
ラヴィアンローズ,8,95,Cu,De
ラヴィアンローズ,12,153,Cu,Re
ラヴィアンローズ,18,352,Cu,Pr
ラヴィアンローズ,24,499,Cu,Ma
あんきら！？狂騒曲,9,150,Cu,De
あんきら！？狂騒曲,14,260,Cu,Re
あんきら！？狂騒曲,19,495,Cu,Pr
あんきら！？狂騒曲,26,785,Cu,Ma
あんきら！？狂騒曲,30,957,Cu,LMP
気持ちいいよね 一等賞！,9,117,Pa,De
気持ちいいよね 一等賞！,14,186,Pa,Re
気持ちいいよね 一等賞！,17,338,Pa,Pr
気持ちいいよね 一等賞！,26,689,Pa,Ma
EVERMORE,8,120,Al,De
EVERMORE,14,210,Al,Re
EVERMORE,19,427,Al,Pr
EVERMORE,27,675,Al,Ma
EVERMORE,29,861,Al,LMP
Treasure☆,6,84,Al,De
Treasure☆,11,151,Al,Re
Treasure☆,16,267,Al,Pr
Treasure☆,24,541,Al,Ma
Flip Flop,7,119,Pa,De
Flip Flop,13,207,Pa,Re
Flip Flop,18,371,Pa,Pr
Flip Flop,25,631,Pa,Ma
Flip Flop,29,844,Pa,LMP
青の一番星,7,97,Co,De
青の一番星,13,160,Co,Re
青の一番星,19,359,Co,Pr
青の一番星,27,677,Co,Ma
あいくるしい,7,94,Al,De
あいくるしい,13,178,Al,Re
あいくるしい,17,288,Al,Pr
あいくるしい,25,468,Al,Ma
あいくるしい,28,573,Al,LMP
恋色エナジー,8,120,Cu,De
恋色エナジー,14,216,Cu,Re
恋色エナジー,19,347,Cu,Pr
恋色エナジー,25,606,Cu,Ma
Jet to the Future,8,99,Co,De
Jet to the Future,13,158,Co,Re
Jet to the Future,18,365,Co,Pr
Jet to the Future,26,599,Co,Ma
Jet to the Future,29,784,Co,LMP
キミとボクのミライ,8,125,Al,De
キミとボクのミライ,14,224,Al,Re
キミとボクのミライ,18,321,Al,Pr
キミとボクのミライ,25,545,Al,Ma
STORY,7,116,Al,De
STORY,13,223,Al,Re
STORY,17,342,Al,Pr
STORY,25,547,Al,Ma
STORY,28,771,Al,LMP
Near to You（CUTE VERSION）,8,106,Cu,De
Near to You（CUTE VERSION）,13,175,Cu,Re
Near to You（CUTE VERSION）,17,377,Cu,Pr
Near to You（CUTE VERSION）,25,558,Cu,Ma
Near to You（COOL VERSION）,8,107,Co,De
Near to You（COOL VERSION）,13,154,Co,Re
Near to You（COOL VERSION）,17,331,Co,Pr
Near to You（COOL VERSION）,25,516,Co,Ma
Near to You（PASSION VERSION）,8,118,Pa,De
Near to You（PASSION VERSION）,13,210,Pa,Re
Near to You（PASSION VERSION）,17,402,Pa,Pr
Near to You（PASSION VERSION）,25,582,Pa,Ma
Can’t Stop！！,7,125,Pa,De
Can’t Stop！！,13,222,Pa,Re
Can’t Stop！！,18,386,Pa,Pr
Can’t Stop！！,25,618,Pa,Ma
ラブレター,8,115,Cu,De
ラブレター,13,208,Cu,Re
ラブレター,18,329,Cu,Pr
ラブレター,26,546,Cu,Ma
ラブレター,29,791,Cu,LMP
BEYOND THE STARLi,7,105,Al,De
BEYOND THE STARLi,13,199,Al,Re
BEYOND THE STARLi,17,346,Al,Pr
BEYOND THE STARLi,26,600,Al,Ma
BEYOND THE STARLi,29,814,Al,LMP
小さな恋の密室事件,7,95,Co,De
小さな恋の密室事件,13,168,Co,Re
小さな恋の密室事件,17,276,Co,Pr
小さな恋の密室事件,27,496,Co,Ma
Near to You,8,108,Al,De
Near to You,13,177,Al,Re
Near to You,17,358,Al,Pr
Near to You,26,566,Al,Ma
Near to You,29,858,Al,LMP
秘密のトワレ,9,127,Cu,De
秘密のトワレ,13,206,Cu,Re
秘密のトワレ,19,368,Cu,Pr
秘密のトワレ,28,773,Cu,Ma
サマカニ！！,8,125,Al,De
サマカニ！！,14,204,Al,Re
サマカニ！！,19,433,Al,Pr
サマカニ！！,26,697,Al,Ma
サマカニ！！,30,971,Al,LMP
毒茸伝説,9,115,Pa,De
毒茸伝説,14,183,Pa,Re
毒茸伝説,19,405,Pa,Pr
毒茸伝説,28,700,Pa,Ma
きみにいっぱい☆,8,101,Pa,De
きみにいっぱい☆,14,196,Pa,Re
きみにいっぱい☆,18,314,Pa,Pr
きみにいっぱい☆,25,514,Pa,Ma
きみにいっぱい☆,28,780,Pa,LMP
薄荷 -ハッカ-,6,73,Co,De
薄荷 -ハッカ-,13,121,Co,Re
薄荷 -ハッカ-,17,232,Co,Pr
薄荷 -ハッカ-,24,400,Co,Ma
Love∞Destiny,8,123,Al,De
Love∞Destiny,14,241,Al,Re
Love∞Destiny,19,381,Al,Pr
Love∞Destiny,26,613,Al,Ma
Love∞Destiny,29,719,Al,LMP
き・ま・ぐ・れ☆Cafe au lait！,7,91,Cu,De
き・ま・ぐ・れ☆Cafe au lait！,13,187,Cu,Re
き・ま・ぐ・れ☆Cafe au lait！,17,327,Cu,Pr
き・ま・ぐ・れ☆Cafe au lait！,25,537,Cu,Ma
咲いてJewel,8,112,Co,De
咲いてJewel,14,218,Co,Re
咲いてJewel,18,380,Co,Pr
咲いてJewel,25,573,Co,Ma
咲いてJewel,28,822,Co,LMP
熱血乙女A,6,87,Pa,De
熱血乙女A,11,189,Pa,Re
熱血乙女A,16,323,Pa,Pr
熱血乙女A,22,500,Pa,Ma
純情Midnight伝説,8,121,Al,De
純情Midnight伝説,13,204,Al,Re
純情Midnight伝説,18,426,Al,Pr
純情Midnight伝説,25,651,Al,Ma
純情Midnight伝説,29,922,Al,LMP
2nd SIDE,7,95,Co,De
2nd SIDE,12,168,Co,Re
2nd SIDE,17,291,Co,Pr
2nd SIDE,25,527,Co,Ma
明日また会えるよね,8,112,Cu,De
明日また会えるよね,13,180,Cu,Re
明日また会えるよね,17,390,Cu,Pr
明日また会えるよね,25,553,Cu,Ma
メルヘンデビュー！,7,77,Cu,De
メルヘンデビュー！,13,177,Cu,Re
メルヘンデビュー！,17,377,Cu,Pr
メルヘンデビュー！,27,747,Cu,Ma
生存本能ヴァルキュリア,9,115,Al,De
生存本能ヴァルキュリア,13,207,Al,Re
生存本能ヴァルキュリア,19,412,Al,Pr
生存本能ヴァルキュリア,26,656,Al,Ma
生存本能ヴァルキュリア,30,931,Al,LMP
お散歩カメラ,8,110,Pa,De
お散歩カメラ,13,197,Pa,Re
お散歩カメラ,18,381,Pa,Pr
お散歩カメラ,26,610,Pa,Ma
つぼみ,8,109,Al,De
つぼみ,14,166,Al,Re
つぼみ,18,325,Al,Pr
つぼみ,26,440,Al,Ma
Hotel Moonside,9,138,Co,De
Hotel Moonside,14,256,Co,Re
Hotel Moonside,19,410,Co,Pr
Hotel Moonside,27,779,Co,Ma
ハイファイ☆デイズ,7,116,Al,De
ハイファイ☆デイズ,13,203,Al,Re
ハイファイ☆デイズ,18,415,Al,Pr
ハイファイ☆デイズ,24,554,Al,Ma
ハイファイ☆デイズ,28,795,Al,LMP
花簪 HANAKANZASHI,6,91,Cu,De
花簪 HANAKANZASHI,13,168,Cu,Re
花簪 HANAKANZASHI,19,340,Cu,Pr
花簪 HANAKANZASHI,27,645,Cu,Ma
絶対特権主張しますっ！,9,167,Pa,De
絶対特権主張しますっ！,14,249,Pa,Re
絶対特権主張しますっ！,19,476,Pa,Pr
絶対特権主張しますっ！,27,777,Pa,Ma
Rockin’ Emotion,9,148,Pa,De
Rockin’ Emotion,13,210,Pa,Re
Rockin’ Emotion,18,396,Pa,Pr
Rockin’ Emotion,26,675,Pa,Ma
Absolute NIne,9,133,Al,De
Absolute NIne,13,195,Al,Re
Absolute NIne,18,347,Al,Pr
Absolute NIne,26,622,Al,Ma
Absolute NIne,30,999,Al,LMP
Bright Blue,6,81,Co,De
Bright Blue,11,144,Co,Re
Bright Blue,16,240,Co,Pr
Bright Blue,23,389,Co,Ma
オルゴールの小箱,6,84,Co,De
オルゴールの小箱,11,145,Co,Re
オルゴールの小箱,16,321,Co,Pr
オルゴールの小箱,25,531,Co,Ma
ゴキゲンParty Night（CUTE VERSION）,8,123,Cu,De
ゴキゲンParty Night（CUTE VERSION）,13,206,Cu,Re
ゴキゲンParty Night（CUTE VERSION）,17,416,Cu,Pr
ゴキゲンParty Night（CUTE VERSION）,25,548,Cu,Ma
ゴキゲンParty Night（COOL VERSION）,8,116,Co,De
ゴキゲンParty Night（COOL VERSION）,13,252,Co,Re
ゴキゲンParty Night（COOL VERSION）,17,380,Co,Pr
ゴキゲンParty Night（COOL VERSION）,25,630,Co,Ma
ゴキゲンParty Night（PASSION VERSION）,8,113,Pa,De
ゴキゲンParty Night（PASSION VERSION）,13,236,Pa,Re
ゴキゲンParty Night（PASSION VERSION）,17,380,Pa,Pr
ゴキゲンParty Night（PASSION VERSION）,25,630,Pa,Ma
エヴリデイドリーム,8,114,Cu,De
エヴリデイドリーム,13,175,Cu,Re
エヴリデイドリーム,17,342,Cu,Pr
エヴリデイドリーム,25,552,Cu,Ma
Tulip,8,115,Al,De
Tulip,14,184,Al,Re
Tulip,18,351,Al,Pr
Tulip,26,659,Al,Ma
Tulip,30,869,Al,LMP
アップルパイ・プリンセス,6,105,Pa,De
アップルパイ・プリンセス,11,196,Pa,Re
アップルパイ・プリンセス,17,376,Pa,Pr
アップルパイ・プリンセス,23,562,Pa,Ma
パステルピンクな恋,8,113,Cu,De
パステルピンクな恋,14,207,Cu,Re
パステルピンクな恋,18,396,Cu,Pr
パステルピンクな恋,26,684,Cu,Ma
Angel Breeze,9,118,Co,De
Angel Breeze,14,216,Co,Re
Angel Breeze,17,352,Co,Pr
Angel Breeze,24,524,Co,Ma
ゴキゲンParty Night,8,117,Al,De
ゴキゲンParty Night,14,234,Al,Re
ゴキゲンParty Night,18,405,Al,Pr
ゴキゲンParty Night,26,632,Al,Ma
ゴキゲンParty Night,29,900,Al,LMP
Naked Romance,7,110,Cu,De
Naked Romance,13,200,Cu,Re
Naked Romance,17,333,Cu,Pr
Naked Romance,26,674,Cu,Ma
Snow Wings,8,121,Al,De
Snow Wings,14,202,Al,Re
Snow Wings,17,383,Al,Pr
Snow Wings,26,682,Al,Ma
TOKIMEKIエスカレート,9,140,Pa,De
TOKIMEKIエスカレート,14,240,Pa,Re
TOKIMEKIエスカレート,19,494,Pa,Pr
TOKIMEKIエスカレート,28,800,Pa,Ma
流れ星キセキ,8,96,Al,De
流れ星キセキ,14,150,Al,Re
流れ星キセキ,17,378,Al,Pr
流れ星キセキ,26,596,Al,Ma
流れ星キセキ,29,814,Al,LMP
You’re stars shine on me,6,69,Co,De
You’re stars shine on me,12,115,Co,Re
You’re stars shine on me,16,245,Co,Pr
You’re stars shine on me,23,425,Co,Ma
M＠GIC☆,8,108,Al,De
M＠GIC☆,14,248,Al,Re
M＠GIC☆,18,403,Al,Pr
M＠GIC☆,28,767,Al,Ma
Orange Sapphire,8,116,Pa,De
Orange Sapphire,13,214,Pa,Re
Orange Sapphire,17,411,Pa,Pr
Orange Sapphire,26,719,Pa,Ma
Romantic Now,8,126,Pa,De
Romantic Now,14,248,Pa,Re
Romantic Now,19,461,Pa,Pr
Romantic Now,27,660,Pa,Ma
夢色ハーモニー,8,127,Al,De
夢色ハーモニー,14,197,Al,Re
夢色ハーモニー,18,390,Al,Pr
夢色ハーモニー,26,630,Al,Ma
夢色ハーモニー,29,777,Al,LMP
ヴィーナスシンドローム,8,107,Co,De
ヴィーナスシンドローム,14,169,Co,Re
ヴィーナスシンドローム,19,379,Co,Pr
ヴィーナスシンドローム,26,612,Co,Ma
Nation Blue,9,141,Co,De
Nation Blue,13,219,Co,Re
Nation Blue,17,368,Co,Pr
Nation Blue,26,708,Co,Ma
Trancing Pulse,9,112,Co,De
Trancing Pulse,14,194,Co,Re
Trancing Pulse,19,389,Co,Pr
Trancing Pulse,28,662,Co,Ma
ショコラ・ティアラ,6,82,Cu,De
ショコラ・ティアラ,13,166,Cu,Re
ショコラ・ティアラ,18,366,Cu,Pr
ショコラ・ティアラ,26,510,Cu,Ma
アタシポンコツアンドロイド,8,99,Cu,De
アタシポンコツアンドロイド,12,202,Cu,Re
アタシポンコツアンドロイド,17,391,Cu,Pr
アタシポンコツアンドロイド,26,634,Cu,Ma
お願い！シンデレラ,5,46,Al,De
お願い！シンデレラ,10,205,Al,Re
お願い！シンデレラ,15,341,Al,Pr
お願い！シンデレラ,20,477,Al,Ma
とどけ！アイドル,5,74,Al,De
とどけ！アイドル,11,145,Al,Re
とどけ！アイドル,15,310,Al,Pr
とどけ！アイドル,21,481,Al,Ma
輝く世界の魔法,7,112,Al,De
輝く世界の魔法,13,224,Al,Re
輝く世界の魔法,18,470,Al,Pr
輝く世界の魔法,25,585,Al,Ma
We’re the friends！,6,73,Al,De
We’re the friends！,12,170,Al,Re
We’re the friends！,16,383,Al,Pr
We’re the friends！,22,547,Al,Ma
メッセージ,7,105,Al,De
メッセージ,13,202,Al,Re
メッセージ,16,347,Al,Pr
メッセージ,25,521,Al,Ma
ススメ☆オトメ ～jewel parade～,8,96,Al,De
ススメ☆オトメ ～jewel parade～,13,176,Al,Re
ススメ☆オトメ ～jewel parade～,18,342,Al,Pr
ススメ☆オトメ ～jewel parade～,25,466,Al,Ma
ススメ☆オトメ ～jewel parade～（CUTE VERSION）,8,109,Cu,De
ススメ☆オトメ ～jewel parade～（CUTE VERSION）,13,196,Cu,Re
ススメ☆オトメ ～jewel parade～（CUTE VERSION）,17,365,Cu,Pr
ススメ☆オトメ ～jewel parade～（CUTE VERSION）,24,517,Cu,Ma
ススメ☆オトメ ～jewel parade～（COOL VERSION）,8,88,Co,De
ススメ☆オトメ ～jewel parade～（COOL VERSION）,13,179,Co,Re
ススメ☆オトメ ～jewel parade～（COOL VERSION）,17,292,Co,Pr
ススメ☆オトメ ～jewel parade～（COOL VERSION）,24,406,Co,Ma
ススメ☆オトメ ～jewel parade～（PASSION VERSION）,8,83,Pa,De
ススメ☆オトメ ～jewel parade～（PASSION VERSION）,13,166,Pa,Re
ススメ☆オトメ ～jewel parade～（PASSION VERSION）,17,398,Pa,Pr
ススメ☆オトメ ～jewel parade～（PASSION VERSION）,24,511,Pa,Ma
Star！！,6,102,Al,De
Star！！,12,180,Al,Re
Star！！,16,346,Al,Pr
Star！！,25,569,Al,Ma
夕映えプレゼント,8,103,Al,De
夕映えプレゼント,14,201,Al,Re
夕映えプレゼント,18,425,Al,Pr
夕映えプレゼント,26,593,Al,Ma
Memories,6,74,Co,De
Memories,11,135,Co,Re
Memories,16,267,Co,Pr
Memories,22,412,Co,Ma
#NAME?,9,116,Co,De
#NAME?,14,224,Co,Re
#NAME?,19,417,Co,Pr
#NAME?,28,630,Co,Ma
Happy×2 Days,8,109,Cu,De
Happy×2 Days,13,183,Cu,Re
Happy×2 Days,17,325,Cu,Pr
Happy×2 Days,23,478,Cu,Ma
LET’S GO HAPPY！！,7,126,Pa,De
LET’S GO HAPPY！！,13,221,Pa,Re
LET’S GO HAPPY！！,18,450,Pa,Pr
LET’S GO HAPPY！！,27,703,Pa,Ma
OωOver！！,8,110,Cu,De
OωOver！！,12,181,Cu,Re
OωOver！！,17,374,Cu,Pr
OωOver！！,26,606,Cu,Ma
できたて Evo！Revo！Generation！,7,104,Al,De
できたて Evo！Revo！Generation！,11,191,Al,Re
できたて Evo！Revo！Generation！,19,448,Al,Pr
できたて Evo！Revo！Generation！,26,671,Al,Ma
GOIN’！！！,9,125,Al,De
GOIN’！！！,13,181,Al,Re
GOIN’！！！,17,383,Al,Pr
GOIN’！！！,27,575,Al,Ma
Shine！！,8,127,Al,De
Shine！！,14,215,Al,Re
Shine！！,18,376,Al,Pr
Shine！！,25,540,Al,Ma
S（mile）ING！,6,95,Cu,De
S（mile）ING！,11,162,Cu,Re
S（mile）ING！,15,269,Cu,Pr
S（mile）ING！,21,438,Cu,Ma
Never say never,6,112,Co,De
Never say never,12,216,Co,Re
Never say never,17,371,Co,Pr
Never say never,25,611,Co,Ma
ミツボシ☆☆★,8,122,Pa,De
ミツボシ☆☆★,12,189,Pa,Re
ミツボシ☆☆★,17,391,Pa,Pr
ミツボシ☆☆★,24,579,Pa,Ma
おねだり Shall We ～？,8,106,Cu,De
おねだり Shall We ～？,13,178,Cu,Re
おねだり Shall We ～？,18,352,Cu,Pr
おねだり Shall We ～？,25,520,Cu,Ma
TwiLi Sky,7,122,Co,De
TwiLi Sky,13,192,Co,Re
TwiLi Sky,18,425,Co,Pr
TwiLi Sky,24,582,Co,Ma
DOKIDOKIリズム,8,101,Pa,De
DOKIDOKIリズム,13,192,Pa,Re
DOKIDOKIリズム,17,380,Pa,Pr
DOKIDOKIリズム,24,569,Pa,Ma
風色メロディ,6,67,Cu,De
風色メロディ,11,138,Cu,Re
風色メロディ,16,283,Cu,Pr
風色メロディ,23,409,Cu,Ma
ましゅまろ☆キッス,8,95,Pa,De
ましゅまろ☆キッス,13,157,Pa,Re
ましゅまろ☆キッス,18,379,Pa,Pr
ましゅまろ☆キッス,24,504,Pa,Ma
あんずのうた,9,152,Cu,De
あんずのうた,14,265,Cu,Re
あんずのうた,19,464,Cu,Pr
あんずのうた,28,700,Cu,Ma
華蕾夢ミル狂詩曲 ～魂ノ導～,6,88,Co,De
華蕾夢ミル狂詩曲 ～魂ノ導～,13,190,Co,Re
華蕾夢ミル狂詩曲 ～魂ノ導～,18,423,Co,Pr
華蕾夢ミル狂詩曲 ～魂ノ導～,27,656,Co,Ma
