pk,name,level,notes,type,grade
1,華蕾夢ミル狂詩曲 ～魂ノ導～,27,656,Cool,MASTER
2,華蕾夢ミル狂詩曲 ～魂ノ導～,18,423,Cool,PRO
3,華蕾夢ミル狂詩曲 ～魂ノ導～,13,190,Cool,REGULAR
4,華蕾夢ミル狂詩曲 ～魂ノ導～,6,88,Cool,DEBUTE
5,あんずのうた,28,700,Cute,MASTER
6,あんずのうた,19,464,Cute,PRO
7,あんずのうた,14,265,Cute,REGULAR
8,あんずのうた,9,152,Cute,DEBUTE
9,ましゅまろ☆キッス,24,504,Passion,MASTER
10,ましゅまろ☆キッス,18,379,Passion,PRO
11,ましゅまろ☆キッス,13,157,Passion,REGULAR
12,ましゅまろ☆キッス,8,95,Passion,DEBUTE
13,風色メロディ,23,409,Cute,MASTER
14,風色メロディ,16,283,Cute,PRO
15,風色メロディ,11,138,Cute,REGULAR
16,風色メロディ,6,67,Cute,DEBUTE
17,DOKIDOKIリズム,24,569,Passion,MASTER
18,DOKIDOKIリズム,17,380,Passion,PRO
19,DOKIDOKIリズム,13,192,Passion,REGULAR
20,DOKIDOKIリズム,8,101,Passion,DEBUTE
21,TwiLi Sky,24,582,Cool,MASTER
22,TwiLi Sky,18,425,Cool,PRO
23,TwiLi Sky,13,192,Cool,REGULAR
24,TwiLi Sky,7,122,Cool,DEBUTE
25,おねだり Shall We ～？,25,520,Cute,MASTER
26,おねだり Shall We ～？,18,352,Cute,PRO
27,おねだり Shall We ～？,13,178,Cute,REGULAR
28,おねだり Shall We ～？,8,106,Cute,DEBUTE
29,ミツボシ☆☆★,24,579,Passion,MASTER
30,ミツボシ☆☆★,17,391,Passion,PRO
31,ミツボシ☆☆★,12,189,Passion,REGULAR
32,ミツボシ☆☆★,8,122,Passion,DEBUTE
33,Never say never,25,611,Cool,MASTER
34,Never say never,17,371,Cool,PRO
35,Never say never,12,216,Cool,REGULAR
36,Never say never,6,112,Cool,DEBUTE
37,S（mile）ING！,21,438,Cute,MASTER
38,S（mile）ING！,15,269,Cute,PRO
39,S（mile）ING！,11,162,Cute,REGULAR
40,S（mile）ING！,6,95,Cute,DEBUTE
41,Shine！！,25,540,All,MASTER
42,Shine！！,18,376,All,PRO
43,Shine！！,14,215,All,REGULAR
44,Shine！！,8,127,All,DEBUTE
45,GOIN’！！！,27,575,All,MASTER
46,GOIN’！！！,17,383,All,PRO
47,GOIN’！！！,13,181,All,REGULAR
48,GOIN’！！！,9,125,All,DEBUTE
49,できたて Evo！Revo！Generation！,26,671,All,MASTER
50,できたて Evo！Revo！Generation！,19,448,All,PRO
51,できたて Evo！Revo！Generation！,11,191,All,REGULAR
52,できたて Evo！Revo！Generation！,7,104,All,DEBUTE
53,OωOver！！,26,606,Cute,MASTER
54,OωOver！！,17,374,Cute,PRO
55,OωOver！！,12,181,Cute,REGULAR
56,OωOver！！,8,110,Cute,DEBUTE
57,LET’S GO HAPPY！！,27,703,Passion,MASTER
58,LET’S GO HAPPY！！,18,450,Passion,PRO
59,LET’S GO HAPPY！！,13,221,Passion,REGULAR
60,LET’S GO HAPPY！！,7,126,Passion,DEBUTE
61,Happy×2 Days,23,478,Cute,MASTER
62,Happy×2 Days,17,325,Cute,PRO
63,Happy×2 Days,13,183,Cute,REGULAR
64,Happy×2 Days,8,109,Cute,DEBUTE
65,LEGNE 仇なす剣 光の旋律,28,630,Cool,MASTER
66,LEGNE 仇なす剣 光の旋律,19,417,Cool,PRO
67,LEGNE 仇なす剣 光の旋律,14,224,Cool,REGULAR
68,LEGNE 仇なす剣 光の旋律,9,116,Cool,DEBUTE
69,Memories,22,412,Cool,MASTER
70,Memories,16,267,Cool,PRO
71,Memories,11,135,Cool,REGULAR
72,Memories,6,74,Cool,DEBUTE
73,夕映えプレゼント,26,593,All,MASTER
74,夕映えプレゼント,18,425,All,PRO
75,夕映えプレゼント,14,201,All,REGULAR
76,夕映えプレゼント,8,103,All,DEBUTE
77,Star！！,25,569,All,MASTER
78,Star！！,16,346,All,PRO
79,Star！！,12,180,All,REGULAR
80,Star！！,6,102,All,DEBUTE
81,ススメ☆オトメ ～jewel Passionrade～（PASSION VERSION）,24,511,Passion,MASTER
82,ススメ☆オトメ ～jewel Passionrade～（PASSION VERSION）,17,398,Passion,PRO
83,ススメ☆オトメ ～jewel Passionrade～（PASSION VERSION）,13,166,Passion,REGULAR
84,ススメ☆オトメ ～jewel Passionrade～（PASSION VERSION）,8,83,Passion,DEBUTE
85,ススメ☆オトメ ～jewel Passionrade～（COOL VERSION）,24,406,Cool,MASTER
86,ススメ☆オトメ ～jewel Passionrade～（COOL VERSION）,17,292,Cool,PRO
87,ススメ☆オトメ ～jewel Passionrade～（COOL VERSION）,13,179,Cool,REGULAR
88,ススメ☆オトメ ～jewel Passionrade～（COOL VERSION）,8,88,Cool,DEBUTE
89,ススメ☆オトメ ～jewel Passionrade～（CUTE VERSION）,24,517,Cute,MASTER
90,ススメ☆オトメ ～jewel Passionrade～（CUTE VERSION）,17,365,Cute,PRO
91,ススメ☆オトメ ～jewel Passionrade～（CUTE VERSION）,13,196,Cute,REGULAR
92,ススメ☆オトメ ～jewel Passionrade～（CUTE VERSION）,8,109,Cute,DEBUTE
93,ススメ☆オトメ ～jewel Passionrade～,25,466,All,MASTER
94,ススメ☆オトメ ～jewel Passionrade～,18,342,All,PRO
95,ススメ☆オトメ ～jewel Passionrade～,13,176,All,REGULAR
96,ススメ☆オトメ ～jewel Passionrade～,8,96,All,DEBUTE
97,メッセージ,25,521,All,MASTER
98,メッセージ,16,347,All,PRO
99,メッセージ,13,202,All,REGULAR
100,メッセージ,7,105,All,DEBUTE
101,We’re the friends！,22,547,All,MASTER
102,We’re the friends！,16,383,All,PRO
103,We’re the friends！,12,170,All,REGULAR
104,We’re the friends！,6,73,All,DEBUTE
105,輝く世界の魔法,25,585,All,MASTER
106,輝く世界の魔法,18,470,All,PRO
107,輝く世界の魔法,13,224,All,REGULAR
108,輝く世界の魔法,7,112,All,DEBUTE
109,とどけ！アイドル,21,481,All,MASTER
110,とどけ！アイドル,15,310,All,PRO
111,とどけ！アイドル,11,145,All,REGULAR
112,とどけ！アイドル,5,74,All,DEBUTE
113,お願い！シンデレラ,20,477,All,MASTER
114,お願い！シンデレラ,15,341,All,PRO
115,お願い！シンデレラ,10,205,All,REGULAR
116,お願い！シンデレラ,5,46,All,DEBUTE
117,アタシポンコツアンドロイド,26,634,Cute,MASTER
118,アタシポンコツアンドロイド,17,391,Cute,PRO
119,アタシポンコツアンドロイド,12,202,Cute,REGULAR
120,アタシポンコツアンドロイド,8,99,Cute,DEBUTE
121,ショコラ・ティアラ,26,510,Cute,MASTER
122,ショコラ・ティアラ,18,366,Cute,PRO
123,ショコラ・ティアラ,13,166,Cute,REGULAR
124,ショコラ・ティアラ,6,82,Cute,DEBUTE
125,Trancing Pulse,28,662,Cool,MASTER
126,Trancing Pulse,19,389,Cool,PRO
127,Trancing Pulse,14,194,Cool,REGULAR
128,Trancing Pulse,9,112,Cool,DEBUTE
129,Nation Blue,26,708,Cool,MASTER
130,Nation Blue,17,368,Cool,PRO
131,Nation Blue,13,219,Cool,REGULAR
132,Nation Blue,9,141,Cool,DEBUTE
133,ヴィーナスシンドローム,26,612,Cool,MASTER
134,ヴィーナスシンドローム,19,379,Cool,PRO
135,ヴィーナスシンドローム,14,169,Cool,REGULAR
136,ヴィーナスシンドローム,8,107,Cool,DEBUTE
137,夢色ハーモニー,29,777,All,Legend_MASTER_PLUS
138,夢色ハーモニー,26,630,All,MASTER
139,夢色ハーモニー,18,390,All,PRO
140,夢色ハーモニー,14,197,All,REGULAR
141,夢色ハーモニー,8,127,All,DEBUTE
142,Romantic Now,27,660,Passion,MASTER
143,Romantic Now,19,461,Passion,PRO
144,Romantic Now,14,248,Passion,REGULAR
145,Romantic Now,8,126,Passion,DEBUTE
146,Orange Sapphire,26,719,Passion,MASTER
147,Orange Sapphire,17,411,Passion,PRO
148,Orange Sapphire,13,214,Passion,REGULAR
149,Orange Sapphire,8,116,Passion,DEBUTE
150,M＠GIC☆,28,767,All,MASTER
151,M＠GIC☆,18,403,All,PRO
152,M＠GIC☆,14,248,All,REGULAR
153,M＠GIC☆,8,108,All,DEBUTE
154,You’re stars shine on me,23,425,Cool,MASTER
155,You’re stars shine on me,16,245,Cool,PRO
156,You’re stars shine on me,12,115,Cool,REGULAR
157,You’re stars shine on me,6,69,Cool,DEBUTE
158,流れ星キセキ,29,814,All,Legend_MASTER_PLUS
159,流れ星キセキ,26,596,All,MASTER
160,流れ星キセキ,17,378,All,PRO
161,流れ星キセキ,14,150,All,REGULAR
162,流れ星キセキ,8,96,All,DEBUTE
163,TOKIMEKIエスカレート,28,800,Passion,MASTER
164,TOKIMEKIエスカレート,19,494,Passion,PRO
165,TOKIMEKIエスカレート,14,240,Passion,REGULAR
166,TOKIMEKIエスカレート,9,140,Passion,DEBUTE
167,Snow Wings,26,682,All,MASTER
168,Snow Wings,17,383,All,PRO
169,Snow Wings,14,202,All,REGULAR
170,Snow Wings,8,121,All,DEBUTE
171,Naked Romance,26,674,Cute,MASTER
172,Naked Romance,17,333,Cute,PRO
173,Naked Romance,13,200,Cute,REGULAR
174,Naked Romance,7,110,Cute,DEBUTE
175,ゴキゲンParty Night,29,900,All,Legend_MASTER_PLUS
176,ゴキゲンParty Night,26,632,All,MASTER
177,ゴキゲンParty Night,18,405,All,PRO
178,ゴキゲンParty Night,14,234,All,REGULAR
179,ゴキゲンParty Night,8,117,All,DEBUTE
180,Angel Breeze,24,524,Cool,MASTER
181,Angel Breeze,17,352,Cool,PRO
182,Angel Breeze,14,216,Cool,REGULAR
183,Angel Breeze,9,118,Cool,DEBUTE
184,パステルピンクな恋,26,684,Cute,MASTER
185,パステルピンクな恋,18,396,Cute,PRO
186,パステルピンクな恋,14,207,Cute,REGULAR
187,パステルピンクな恋,8,113,Cute,DEBUTE
188,アップルパイ・プリンセス,23,562,Passion,MASTER
189,アップルパイ・プリンセス,17,376,Passion,PRO
190,アップルパイ・プリンセス,11,196,Passion,REGULAR
191,アップルパイ・プリンセス,6,105,Passion,DEBUTE
192,Tulip,30,869,All,Legend_MASTER_PLUS
193,Tulip,26,659,All,MASTER
194,Tulip,18,351,All,PRO
195,Tulip,14,184,All,REGULAR
196,Tulip,8,115,All,DEBUTE
197,エヴリデイドリーム,25,552,Cute,MASTER
198,エヴリデイドリーム,17,342,Cute,PRO
199,エヴリデイドリーム,13,175,Cute,REGULAR
200,エヴリデイドリーム,8,114,Cute,DEBUTE
201,ゴキゲンParty Night（PASSION VERSION）,25,630,Passion,MASTER
202,ゴキゲンParty Night（PASSION VERSION）,17,380,Passion,PRO
203,ゴキゲンParty Night（PASSION VERSION）,13,236,Passion,REGULAR
204,ゴキゲンParty Night（PASSION VERSION）,8,113,Passion,DEBUTE
205,ゴキゲンParty Night（COOL VERSION）,25,630,Cool,MASTER
206,ゴキゲンParty Night（COOL VERSION）,17,380,Cool,PRO
207,ゴキゲンParty Night（COOL VERSION）,13,252,Cool,REGULAR
208,ゴキゲンParty Night（COOL VERSION）,8,116,Cool,DEBUTE
209,ゴキゲンParty Night（CUTE VERSION）,25,548,Cute,MASTER
210,ゴキゲンParty Night（CUTE VERSION）,17,416,Cute,PRO
211,ゴキゲンParty Night（CUTE VERSION）,13,206,Cute,REGULAR
212,ゴキゲンParty Night（CUTE VERSION）,8,123,Cute,DEBUTE
213,オルゴールの小箱,25,531,Cool,MASTER
214,オルゴールの小箱,16,321,Cool,PRO
215,オルゴールの小箱,11,145,Cool,REGULAR
216,オルゴールの小箱,6,84,Cool,DEBUTE
217,Bright Blue,23,389,Cool,MASTER
218,Bright Blue,16,240,Cool,PRO
219,Bright Blue,11,144,Cool,REGULAR
220,Bright Blue,6,81,Cool,DEBUTE
221,Absolute NIne,30,999,All,Legend_MASTER_PLUS
222,Absolute NIne,26,622,All,MASTER
223,Absolute NIne,18,347,All,PRO
224,Absolute NIne,13,195,All,REGULAR
225,Absolute NIne,9,133,All,DEBUTE
226,Rockin’ Emotion,26,675,Passion,MASTER
227,Rockin’ Emotion,18,396,Passion,PRO
228,Rockin’ Emotion,13,210,Passion,REGULAR
229,Rockin’ Emotion,9,148,Passion,DEBUTE
230,絶対特権主張しますっ！,27,777,Passion,MASTER
231,絶対特権主張しますっ！,19,476,Passion,PRO
232,絶対特権主張しますっ！,14,249,Passion,REGULAR
233,絶対特権主張しますっ！,9,167,Passion,DEBUTE
234,花簪 HANAKANZASHI,27,645,Cute,MASTER
235,花簪 HANAKANZASHI,19,340,Cute,PRO
236,花簪 HANAKANZASHI,13,168,Cute,REGULAR
237,花簪 HANAKANZASHI,6,91,Cute,DEBUTE
238,ハイファイ☆デイズ,28,795,All,Legend_MASTER_PLUS
239,ハイファイ☆デイズ,24,554,All,MASTER
240,ハイファイ☆デイズ,18,415,All,PRO
241,ハイファイ☆デイズ,13,203,All,REGULAR
242,ハイファイ☆デイズ,7,116,All,DEBUTE
243,Hotel Moonside,27,779,Cool,MASTER
244,Hotel Moonside,19,410,Cool,PRO
245,Hotel Moonside,14,256,Cool,REGULAR
246,Hotel Moonside,9,138,Cool,DEBUTE
247,つぼみ,26,440,All,MASTER
248,つぼみ,18,325,All,PRO
249,つぼみ,14,166,All,REGULAR
250,つぼみ,8,109,All,DEBUTE
251,お散歩カメラ,26,610,Passion,MASTER
252,お散歩カメラ,18,381,Passion,PRO
253,お散歩カメラ,13,197,Passion,REGULAR
254,お散歩カメラ,8,110,Passion,DEBUTE
255,生存本能ヴァルキュリア,30,931,All,Legend_MASTER_PLUS
256,生存本能ヴァルキュリア,26,656,All,MASTER
257,生存本能ヴァルキュリア,19,412,All,PRO
258,生存本能ヴァルキュリア,13,207,All,REGULAR
259,生存本能ヴァルキュリア,9,115,All,DEBUTE
260,メルヘンデビュー！,27,747,Cute,MASTER
261,メルヘンデビュー！,17,377,Cute,PRO
262,メルヘンデビュー！,13,177,Cute,REGULAR
263,メルヘンデビュー！,7,77,Cute,DEBUTE
264,明日また会えるよね,25,553,Cute,MASTER
265,明日また会えるよね,17,390,Cute,PRO
266,明日また会えるよね,13,180,Cute,REGULAR
267,明日また会えるよね,8,112,Cute,DEBUTE
268,2nd SIDE,25,527,Cool,MASTER
269,2nd SIDE,17,291,Cool,PRO
270,2nd SIDE,12,168,Cool,REGULAR
271,2nd SIDE,7,95,Cool,DEBUTE
272,純情Midnight伝説,29,922,All,Legend_MASTER_PLUS
273,純情Midnight伝説,25,651,All,MASTER
274,純情Midnight伝説,18,426,All,PRO
275,純情Midnight伝説,13,204,All,REGULAR
276,純情Midnight伝説,8,121,All,DEBUTE
277,熱血乙女A,22,500,Passion,MASTER
278,熱血乙女A,16,323,Passion,PRO
279,熱血乙女A,11,189,Passion,REGULAR
280,熱血乙女A,6,87,Passion,DEBUTE
281,咲いてJewel,28,822,Cool,Legend_MASTER_PLUS
282,咲いてJewel,25,573,Cool,MASTER
283,咲いてJewel,18,380,Cool,PRO
284,咲いてJewel,14,218,Cool,REGULAR
285,咲いてJewel,8,112,Cool,DEBUTE
286,き・ま・ぐ・れ☆Cafe au lait！,25,537,Cute,MASTER
287,き・ま・ぐ・れ☆Cafe au lait！,17,327,Cute,PRO
288,き・ま・ぐ・れ☆Cafe au lait！,13,187,Cute,REGULAR
289,き・ま・ぐ・れ☆Cafe au lait！,7,91,Cute,DEBUTE
290,Love∞Destiny,29,719,All,Legend_MASTER_PLUS
291,Love∞Destiny,26,613,All,MASTER
292,Love∞Destiny,19,381,All,PRO
293,Love∞Destiny,14,241,All,REGULAR
294,Love∞Destiny,8,123,All,DEBUTE
295,薄荷 -ハッカ-,24,400,Cool,MASTER
296,薄荷 -ハッカ-,17,232,Cool,PRO
297,薄荷 -ハッカ-,13,121,Cool,REGULAR
298,薄荷 -ハッカ-,6,73,Cool,DEBUTE
299,きみにいっぱい☆,28,780,Passion,Legend_MASTER_PLUS
300,きみにいっぱい☆,25,514,Passion,MASTER
301,きみにいっぱい☆,18,314,Passion,PRO
302,きみにいっぱい☆,14,196,Passion,REGULAR
303,きみにいっぱい☆,8,101,Passion,DEBUTE
304,毒茸伝説,28,700,Passion,MASTER
305,毒茸伝説,19,405,Passion,PRO
306,毒茸伝説,14,183,Passion,REGULAR
307,毒茸伝説,9,115,Passion,DEBUTE
308,サマカニ！！,30,971,All,Legend_MASTER_PLUS
309,サマカニ！！,26,697,All,MASTER
310,サマカニ！！,19,433,All,PRO
311,サマカニ！！,14,204,All,REGULAR
312,サマカニ！！,8,125,All,DEBUTE
313,秘密のトワレ,28,773,Cute,MASTER
314,秘密のトワレ,19,368,Cute,PRO
315,秘密のトワレ,13,206,Cute,REGULAR
316,秘密のトワレ,9,127,Cute,DEBUTE
317,Near to You,29,858,All,Legend_MASTER_PLUS
318,Near to You,26,566,All,MASTER
319,Near to You,17,358,All,PRO
320,Near to You,13,177,All,REGULAR
321,Near to You,8,108,All,DEBUTE
322,小さな恋の密室事件,27,496,Cool,MASTER
323,小さな恋の密室事件,17,276,Cool,PRO
324,小さな恋の密室事件,13,168,Cool,REGULAR
325,小さな恋の密室事件,7,95,Cool,DEBUTE
326,BEYOND THE STARLi,29,814,All,Legend_MASTER_PLUS
327,BEYOND THE STARLi,26,600,All,MASTER
328,BEYOND THE STARLi,17,346,All,PRO
329,BEYOND THE STARLi,13,199,All,REGULAR
330,BEYOND THE STARLi,7,105,All,DEBUTE
331,ラブレター,29,791,Cute,Legend_MASTER_PLUS
332,ラブレター,26,546,Cute,MASTER
333,ラブレター,18,329,Cute,PRO
334,ラブレター,13,208,Cute,REGULAR
335,ラブレター,8,115,Cute,DEBUTE
336,Can’t Stop！！,25,618,Passion,MASTER
337,Can’t Stop！！,18,386,Passion,PRO
338,Can’t Stop！！,13,222,Passion,REGULAR
339,Can’t Stop！！,7,125,Passion,DEBUTE
340,Near to You（PASSION VERSION）,25,582,Passion,MASTER
341,Near to You（PASSION VERSION）,17,402,Passion,PRO
342,Near to You（PASSION VERSION）,13,210,Passion,REGULAR
343,Near to You（PASSION VERSION）,8,118,Passion,DEBUTE
344,Near to You（COOL VERSION）,25,516,Cool,MASTER
345,Near to You（COOL VERSION）,17,331,Cool,PRO
346,Near to You（COOL VERSION）,13,154,Cool,REGULAR
347,Near to You（COOL VERSION）,8,107,Cool,DEBUTE
348,Near to You（CUTE VERSION）,25,558,Cute,MASTER
349,Near to You（CUTE VERSION）,17,377,Cute,PRO
350,Near to You（CUTE VERSION）,13,175,Cute,REGULAR
351,Near to You（CUTE VERSION）,8,106,Cute,DEBUTE
352,STORY,28,771,All,Legend_MASTER_PLUS
353,STORY,25,547,All,MASTER
354,STORY,17,342,All,PRO
355,STORY,13,223,All,REGULAR
356,STORY,7,116,All,DEBUTE
357,キミとボクのミライ,25,545,All,MASTER
358,キミとボクのミライ,18,321,All,PRO
359,キミとボクのミライ,14,224,All,REGULAR
360,キミとボクのミライ,8,125,All,DEBUTE
361,Jet to the Future,29,784,Cool,Legend_MASTER_PLUS
362,Jet to the Future,26,599,Cool,MASTER
363,Jet to the Future,18,365,Cool,PRO
364,Jet to the Future,13,158,Cool,REGULAR
365,Jet to the Future,8,99,Cool,DEBUTE
366,恋色エナジー,25,606,Cute,MASTER
367,恋色エナジー,19,347,Cute,PRO
368,恋色エナジー,14,216,Cute,REGULAR
369,恋色エナジー,8,120,Cute,DEBUTE
370,あいくるしい,28,573,All,Legend_MASTER_PLUS
371,あいくるしい,25,468,All,MASTER
372,あいくるしい,17,288,All,PRO
373,あいくるしい,13,178,All,REGULAR
374,あいくるしい,7,94,All,DEBUTE
375,青の一番星,27,677,Cool,MASTER
376,青の一番星,19,359,Cool,PRO
377,青の一番星,13,160,Cool,REGULAR
378,青の一番星,7,97,Cool,DEBUTE
379,Flip Flop,29,844,Passion,Legend_MASTER_PLUS
380,Flip Flop,25,631,Passion,MASTER
381,Flip Flop,18,371,Passion,PRO
382,Flip Flop,13,207,Passion,REGULAR
383,Flip Flop,7,119,Passion,DEBUTE
384,Treasure☆,24,541,All,MASTER
385,Treasure☆,16,267,All,PRO
386,Treasure☆,11,151,All,REGULAR
387,Treasure☆,6,84,All,DEBUTE
388,EVERMORE,29,861,All,Legend_MASTER_PLUS
389,EVERMORE,27,675,All,MASTER
390,EVERMORE,19,427,All,PRO
391,EVERMORE,14,210,All,REGULAR
392,EVERMORE,8,120,All,DEBUTE
393,気持ちいいよね 一等賞！,26,689,Passion,MASTER
394,気持ちいいよね 一等賞！,17,338,Passion,PRO
395,気持ちいいよね 一等賞！,14,186,Passion,REGULAR
396,気持ちいいよね 一等賞！,9,117,Passion,DEBUTE
397,あんきら！？狂騒曲,30,957,Cute,Legend_MASTER_PLUS
398,あんきら！？狂騒曲,26,785,Cute,MASTER
399,あんきら！？狂騒曲,19,495,Cute,PRO
400,あんきら！？狂騒曲,14,260,Cute,REGULAR
401,あんきら！？狂騒曲,9,150,Cute,DEBUTE
402,ラヴィアンローズ,24,499,Cute,MASTER
403,ラヴィアンローズ,18,352,Cute,PRO
404,ラヴィアンローズ,12,153,Cute,REGULAR
405,ラヴィアンローズ,8,95,Cute,DEBUTE
406,命燃やして恋せよ乙女,29,739,All,Legend_MASTER_PLUS
407,命燃やして恋せよ乙女,25,529,All,MASTER
408,命燃やして恋せよ乙女,17,293,All,PRO
409,命燃やして恋せよ乙女,12,155,All,REGULAR
410,命燃やして恋せよ乙女,8,85,All,DEBUTE
411,Lunatic Show,29,783,Cool,Legend_MASTER_PLUS
412,Lunatic Show,26,568,Cool,MASTER
413,Lunatic Show,19,361,Cool,PRO
414,Lunatic Show,13,164,Cool,REGULAR
415,Lunatic Show,7,88,Cool,DEBUTE
416,in fact,24,403,Cool,MASTER
417,in fact,18,276,Cool,PRO
418,in fact,12,147,Cool,REGULAR
419,in fact,7,85,Cool,DEBUTE
420,Sweet Witches’ Night ～6人目はだぁれ～,29,774,All,Legend_MASTER_PLUS
421,Sweet Witches’ Night ～6人目はだぁれ～,26,553,All,MASTER
422,Sweet Witches’ Night ～6人目はだぁれ～,19,381,All,PRO
423,Sweet Witches’ Night ～6人目はだぁれ～,13,173,All,REGULAR
424,Sweet Witches’ Night ～6人目はだぁれ～,7,113,All,DEBUTE
425,夢色ハーモニー,29,777,All,MASTER_PLUS
426,アタシポンコツアンドロイド,29,822,Cute,MASTER_PLUS
427,お願い！シンデレラ,25,527,All,MASTER_PLUS
428,S（mile）ING！,27,627,Cute,MASTER_PLUS
429,情熱ファンファンファーレ,29,870,Passion,Legend_MASTER_PLUS
430,情熱ファンファンファーレ,26,700,Passion,MASTER
431,情熱ファンファンファーレ,19,407,Passion,PRO
432,情熱ファンファンファーレ,13,187,Passion,REGULAR
433,情熱ファンファンファーレ,8,101,Passion,DEBUTE
434,ミラクルテレパシー,26,695,Passion,MASTER
435,ミラクルテレパシー,19,412,Passion,PRO
436,ミラクルテレパシー,13,223,Passion,REGULAR
437,ミラクルテレパシー,7,116,Passion,DEBUTE
438,流れ星キセキ,29,814,All,MASTER_PLUS
439,Never say never,27,774,Cool,MASTER_PLUS
440,Nation Blue,29,835,Cool,MASTER_PLUS
441,とどけ！アイドル,26,658,All,MASTER_PLUS
442,桜の頃,29,586,All,Legend_MASTER_PLUS
443,桜の頃,26,517,All,MASTER
444,桜の頃,19,346,All,PRO
445,桜の頃,14,198,All,REGULAR
446,桜の頃,8,131,All,DEBUTE
447,ゴキゲンParty Night,29,928,All,MASTER_PLUS
448,Orange Sapphire,29,918,Passion,MASTER_PLUS
449,ミツボシ☆☆★,27,805,Passion,MASTER_PLUS
450,We’re the friends！,26,638,All,MASTER_PLUS
451,エンジェル ドリーム,26,765,All,MASTER
452,エンジェル ドリーム,17,349,All,PRO
453,エンジェル ドリーム,13,226,All,REGULAR
454,エンジェル ドリーム,9,127,All,DEBUTE
455,∀NSWER,30,888,All,Legend_MASTER_PLUS
456,∀NSWER,26,620,All,MASTER
457,∀NSWER,18,342,All,PRO
458,∀NSWER,13,201,All,REGULAR
459,∀NSWER,7,90,All,DEBUTE
460,Love∞Destiny,29,739,All,MASTER_PLUS
461,Tulip,30,868,All,MASTER_PLUS
462,Happy×2 Days,27,661,Cute,MASTER_PLUS
463,恋のHamburg♪,25,586,Cute,MASTER
464,恋のHamburg♪,17,324,Cute,PRO
465,恋のHamburg♪,13,216,Cute,REGULAR
466,恋のHamburg♪,7,110,Cute,DEBUTE
467,shabon song,28,674,Cute,Legend_MASTER_PLUS
468,shabon song,25,573,Cute,MASTER
469,shabon song,17,295,Cute,PRO
470,shabon song,13,163,Cute,REGULAR
471,shabon song,7,82,Cute,DEBUTE
472,生存本能ヴァルキュリア,30,953,All,MASTER_PLUS
473,Absolute NIne,30,999,All,MASTER_PLUS
474,Memories,26,603,Cool,MASTER_PLUS
475,Nocturne,29,812,Cool,Legend_MASTER_PLUS
476,Nocturne,26,578,Cool,MASTER
477,Nocturne,19,419,Cool,PRO
478,Nocturne,13,187,Cool,REGULAR
479,Nocturne,8,121,Cool,DEBUTE
480,純情Midnight伝説,29,927,All,MASTER_PLUS
481,ハイファイ☆デイズ,28,800,All,MASTER_PLUS
482,LET’S GO HAPPY！！,29,986,Passion,MASTER_PLUS
483,共鳴世界の存在論,27,815,Cool,MASTER
484,共鳴世界の存在論,19,414,Cool,PRO
485,共鳴世界の存在論,13,200,Cool,REGULAR
486,共鳴世界の存在論,8,104,Cool,DEBUTE
487,Nothing but You,29,845,All,Legend_MASTER_PLUS
488,Nothing but You,26,737,All,MASTER
489,Nothing but You,17,392,All,PRO
490,Nothing but You,13,201,All,REGULAR
491,Nothing but You,7,110,All,DEBUTE
492,Near to You,29,870,All,MASTER_PLUS
493,明日また会えるよね,28,820,Cute,MASTER_PLUS
494,おねだり Shall We ～？,27,683,Cute,MASTER_PLUS
495,Radio Happy,27,739,Passion,MASTER
496,Radio Happy,19,394,Passion,PRO
497,Radio Happy,13,263,Passion,REGULAR
498,Radio Happy,7,105,Passion,DEBUTE
499,モーレツ★世直しギルティ！,29,911,Passion,Legend_MASTER_PLUS
500,モーレツ★世直しギルティ！,26,743,Passion,MASTER
501,モーレツ★世直しギルティ！,18,443,Passion,PRO
502,モーレツ★世直しギルティ！,13,207,Passion,REGULAR
503,モーレツ★世直しギルティ！,7,113,Passion,DEBUTE
504,咲いてJewel,29,923,Cool,MASTER_PLUS
505,BEYOND THE STARLi,29,811,All,MASTER_PLUS
506,TwiLi Sky,27,758,Cool,MASTER_PLUS
507,この空の下,23,413,Cool,MASTER
508,この空の下,17,274,Cool,PRO
509,この空の下,13,119,Cool,REGULAR
510,この空の下,6,79,Cool,DEBUTE
511,With Love,28,741,All,Legend_MASTER_PLUS
512,With Love,25,565,All,MASTER
513,With Love,16,295,All,PRO
514,With Love,12,159,All,REGULAR
515,With Love,6,89,All,DEBUTE
516,きみにいっぱい☆,28,831,Passion,MASTER_PLUS
517,サマカニ！！,30,979,All,MASTER_PLUS
518,DOKIDOKIリズム,28,825,Passion,MASTER_PLUS
519,ラブレター,29,793,Cute,MASTER_PLUS
520,EVERMORE,29,859,All,MASTER_PLUS
521,Yes！ Party Time！！,29,974,All,Legend_MASTER_PLUS
522,Yes！ Party Time！！,25,688,All,MASTER
523,Yes！ Party Time！！,19,405,All,PRO
524,Yes！ Party Time！！,13,213,All,REGULAR
525,Yes！ Party Time！！,8,137,All,DEBUTE
526,Star！！,30,950,All,MASTER_PLUS
527,To my darling...,24,500,Cute,MASTER
528,To my darling...,17,350,Cute,PRO
529,To my darling...,13,200,Cute,REGULAR
530,To my darling...,7,100,Cute,DEBUTE
531,リトルリドル,29,770,All,Legend_MASTER_PLUS
532,リトルリドル,26,652,All,MASTER
533,リトルリドル,18,411,All,PRO
534,リトルリドル,14,233,All,REGULAR
535,リトルリドル,8,121,All,DEBUTE
536,STORY,28,766,All,MASTER_PLUS
537,Jet to the Future,29,804,Cool,MASTER_PLUS
538,Snow Wings,30,862,All,MASTER_PLUS
539,Flip Flop,29,864,Passion,MASTER_PLUS
540,命燃やして恋せよ乙女,29,738,All,MASTER_PLUS
541,輝く世界の魔法,28,702,All,MASTER_PLUS
542,Kawaii make MY day！,29,830,Cute,Legend_MASTER_PLUS
543,Kawaii make MY day！,26,661,Cute,MASTER
544,Kawaii make MY day！,18,376,Cute,PRO
545,Kawaii make MY day！,14,225,Cute,REGULAR
546,Kawaii make MY day！,8,126,Cute,DEBUTE
547,みんなのきもち,24,560,Passion,MASTER
548,みんなのきもち,17,316,Passion,PRO
549,みんなのきもち,12,153,Passion,REGULAR
550,みんなのきもち,6,85,Passion,DEBUTE
551,あいくるしい,28,656,All,MASTER_PLUS
552,風色メロディ,27,512,Cute,MASTER_PLUS
553,Take me☆Take you,27,856,All,Legend_MASTER_PLUS
554,Take me☆Take you,24,570,All,MASTER
555,Take me☆Take you,18,381,All,PRO
556,Take me☆Take you,13,183,All,REGULAR
557,Take me☆Take you,7,98,All,DEBUTE
558,Lunatic Show,29,788,Cool,MASTER_PLUS
559,華蕾夢ミル狂詩曲 ～魂ノ導～,29,950,Cool,MASTER_PLUS
560,双翼の独奏歌,30,915,Cool,Legend_MASTER_PLUS
561,双翼の独奏歌,27,699,Cool,MASTER
562,双翼の独奏歌,19,386,Cool,PRO
563,双翼の独奏歌,14,228,Cool,REGULAR
564,双翼の独奏歌,9,166,Cool,DEBUTE
565,Sweet Witches’ Night ～6人目はだぁれ～,29,788,All,MASTER_PLUS
566,ましゅまろ☆キッス,27,745,Passion,MASTER_PLUS
567,Wonder goes on！！,25,640,All,MASTER
568,Wonder goes on！！,18,466,All,PRO
569,Wonder goes on！！,13,257,All,REGULAR
570,Wonder goes on！！,8,121,All,DEBUTE
571,イリュージョニスタ！,29,821,All,Legend_MASTER_PLUS
572,イリュージョニスタ！,26,743,All,MASTER
573,イリュージョニスタ！,19,377,All,PRO
574,イリュージョニスタ！,14,262,All,REGULAR
575,イリュージョニスタ！,9,168,All,DEBUTE
576,こいかぜ,26,636,Cool,MASTER
577,こいかぜ,18,378,Cool,PRO
578,こいかぜ,12,168,Cool,REGULAR
579,こいかぜ,6,78,Cool,DEBUTE
580,ススメ☆オトメ ～jewel Passionrade～,28,691,All,MASTER_PLUS
581,あんきら！？狂騒曲,30,998,Cute,MASTER_PLUS
582,Twin☆くるっ★テール,30,918,Passion,Legend_MASTER_PLUS
583,Twin☆くるっ★テール,26,666,Passion,MASTER
584,Twin☆くるっ★テール,19,399,Passion,PRO
585,Twin☆くるっ★テール,14,245,Passion,REGULAR
586,Twin☆くるっ★テール,9,155,Passion,DEBUTE
587,∀NSWER,30,888,All,MASTER_PLUS
588,メッセージ,28,738,All,MASTER_PLUS
589,キミのそばでずっと,27,603,All,Legend_MASTER_PLUS
590,キミのそばでずっと,24,471,All,MASTER
591,キミのそばでずっと,18,295,All,PRO
592,キミのそばでずっと,13,230,All,REGULAR
593,キミのそばでずっと,7,105,All,DEBUTE
594,できたて Evo！Revo！Generation！,29,913,All,MASTER_PLUS
595,情熱ファンファンファーレ,29,858,Passion,MASTER_PLUS
596,私色ギフト,25,565,Passion,MASTER
597,私色ギフト,17,335,Passion,PRO
598,私色ギフト,12,210,Passion,REGULAR
599,私色ギフト,7,124,Passion,DEBUTE
600,Rockin’ Emotion,16,377,Passion,TRICK
601,Rockin’ Emotion,5,101,Passion,LIGHT
602,Bright Blue,11,253,Cool,TRICK
603,Bright Blue,1,39,Cool,LIGHT
604,エヴリデイドリーム,16,310,Cute,TRICK
605,エヴリデイドリーム,8,185,Cute,LIGHT
606,アップルパイ・プリンセス,15,294,Passion,TRICK
607,アップルパイ・プリンセス,3,62,Passion,LIGHT
608,Angel Breeze,13,247,Cool,TRICK
609,Angel Breeze,5,84,Cool,LIGHT
610,Naked Romance,15,342,Cute,TRICK
611,Naked Romance,7,145,Cute,LIGHT
612,TOKIMEKIエスカレート,18,641,Passion,TRICK
613,TOKIMEKIエスカレート,9,268,Passion,LIGHT
614,You’re stars shine on me,10,152,Cool,TRICK
615,You’re stars shine on me,2,47,Cool,LIGHT
616,Romantic Now,11,168,Passion,TRICK
617,Romantic Now,4,86,Passion,LIGHT
618,ヴィーナスシンドローム,16,331,Cool,TRICK
619,ヴィーナスシンドローム,6,126,Cool,LIGHT
620,ショコラ・ティアラ,14,268,Cute,TRICK
621,ショコラ・ティアラ,3,72,Cute,LIGHT
622,華蕾夢ミル狂詩曲 ～魂ノ導～,17,385,Cool,TRICK
623,華蕾夢ミル狂詩曲 ～魂ノ導～,9,198,Cool,LIGHT
624,あんずのうた,18,438,Cute,TRICK
625,あんずのうた,9,241,Cute,LIGHT
626,ましゅまろ☆キッス,16,326,Passion,TRICK
627,ましゅまろ☆キッス,6,91,Passion,LIGHT
628,風色メロディ,10,153,Cute,TRICK
629,風色メロディ,2,54,Cute,LIGHT
630,DOKIDOKIリズム,12,234,Passion,TRICK
631,DOKIDOKIリズム,5,98,Passion,LIGHT
632,TwiLi Sky,15,321,Cool,TRICK
633,TwiLi Sky,4,89,Cool,LIGHT
634,おねだり Shall We ～？,16,310,Cute,TRICK
635,おねだり Shall We ～？,6,106,Cute,LIGHT
636,ミツボシ☆☆★,15,376,Passion,TRICK
637,ミツボシ☆☆★,5,98,Passion,LIGHT
638,Never say never,16,403,Cool,TRICK
639,Never say never,6,146,Cool,LIGHT
640,S（mile）ING！,12,226,Cute,TRICK
641,S（mile）ING！,5,115,Cute,LIGHT
642,Halloween?Coolde,29,911,Cute,Legend_MASTER_PLUS
643,Halloween?Coolde,26,741,Cute,MASTER
644,Halloween?Coolde,18,395,Cute,PRO
645,Halloween?Coolde,13,201,Cute,REGULAR
646,Halloween?Coolde,8,125,Cute,DEBUTE
647,パステルピンクな恋,29,787,Cute,MASTER_PLUS
648,shabon song,28,692,Cute,MASTER_PLUS
649,秋風に手を振って,29,790,All,Legend_MASTER_PLUS
650,秋風に手を振って,26,654,All,MASTER
651,秋風に手を振って,17,334,All,PRO
652,秋風に手を振って,13,209,All,REGULAR
653,秋風に手を振って,7,106,All,DEBUTE
654,Nocturne,29,873,Cool,MASTER_PLUS
655,オルゴールの小箱,28,652,Cool,MASTER_PLUS
656,lilac time,24,579,Passion,MASTER
657,lilac time,16,287,Passion,PRO
658,lilac time,12,164,Passion,REGULAR
659,lilac time,6,89,Passion,DEBUTE
660,Trinity Field,30,933,Cool,Legend_MASTER_PLUS
661,Trinity Field,26,682,Cool,MASTER
662,Trinity Field,18,379,Cool,PRO
663,Trinity Field,13,189,Cool,REGULAR
664,Trinity Field,8,119,Cool,DEBUTE
665,モーレツ★世直しギルティ！,29,910,Passion,MASTER_PLUS
666,絶対特権主張しますっ！,30,995,Passion,MASTER_PLUS
667,お散歩カメラ,16,331,Passion,TRICK
668,お散歩カメラ,5,91,Passion,LIGHT
669,Hotel Moonside,18,512,Cool,TRICK
670,Hotel Moonside,7,180,Cool,LIGHT
671,花簪 HANAKANZASHI,15,259,Cute,TRICK
672,花簪 HANAKANZASHI,5,82,Cute,LIGHT
673,恋が咲く季節,28,733,All,Legend_MASTER_PLUS
674,恋が咲く季節,25,617,All,MASTER
675,恋が咲く季節,17,361,All,PRO
676,恋が咲く季節,12,168,All,REGULAR
677,恋が咲く季節,6,98,All,DEBUTE
678,OωOver！！,29,978,Cute,MASTER_PLUS
679,桜の頃,29,590,All,MASTER_PLUS
680,LEGNE 仇なす剣 光の旋律,30,948,Cool,MASTER_PLUS
681,Nothing but You,29,930,All,MASTER_PLUS
682,冬空プレシャス,29,884,Passion,Legend_MASTER_PLUS
683,冬空プレシャス,26,681,Passion,MASTER
684,冬空プレシャス,17,348,Passion,PRO
685,冬空プレシャス,13,191,Passion,REGULAR
686,冬空プレシャス,7,104,Passion,DEBUTE
687,熱血乙女A,15,337,Passion,TRICK
688,熱血乙女A,7,122,Passion,LIGHT
689,2nd SIDE,14,256,Cool,TRICK
690,2nd SIDE,6,99,Cool,LIGHT
691,メルヘンデビュー！,17,477,Cute,TRICK
692,メルヘンデビュー！,7,177,Cute,LIGHT
693,こいかぜ -花葉-,25,432,Cool,MASTER
694,こいかぜ -花葉-,18,291,Cool,PRO
695,こいかぜ -花葉-,14,187,Cool,REGULAR
696,こいかぜ -花葉-,6,87,Cool,DEBUTE
697,Happy New Yeah！,29,971,All,Legend_MASTER_PLUS
698,Happy New Yeah！,26,736,All,MASTER
699,Happy New Yeah！,19,433,All,PRO
700,Happy New Yeah！,14,237,All,REGULAR
701,Happy New Yeah！,9,150,All,DEBUTE
702,私色ギフト,27,750,Passion,MASTER_PLUS
703,Yes！ Party Time！！,29,976,All,MASTER_PLUS
704,美に入り彩を穿つ,30,990,All,Legend_MASTER_PLUS
705,美に入り彩を穿つ,27,830,All,MASTER
706,美に入り彩を穿つ,19,474,All,PRO
707,美に入り彩を穿つ,14,228,All,REGULAR
708,美に入り彩を穿つ,9,149,All,DEBUTE
709,With Love,28,741,All,MASTER_PLUS
710,毒茸伝説,17,378,Passion,TRICK
711,毒茸伝説,6,111,Passion,LIGHT
712,薄荷 -ハッカ-,12,211,Cool,TRICK
713,薄荷 -ハッカ-,3,56,Cool,LIGHT
714,き・ま・ぐ・れ☆Cafe au lait！,15,283,Cute,TRICK
715,き・ま・ぐ・れ☆Cafe au lait！,8,186,Cute,LIGHT
716,リトルリドル,29,851,All,MASTER_PLUS
717,always,28,632,All,Legend_MASTER_PLUS
718,always,25,434,All,MASTER
719,always,18,295,All,PRO
720,always,12,164,All,REGULAR
721,always,6,78,All,DEBUTE
722,追い風Running,27,744,Cute,MASTER
723,追い風Running,19,368,Cute,PRO
724,追い風Running,14,217,Cute,REGULAR
725,追い風Running,9,142,Cute,DEBUTE
726,Take me☆Take you,28,870,All,MASTER_PLUS
727,Frost,29,722,Cool,Legend_MASTER_PLUS
728,Frost,25,483,Cool,MASTER
729,Frost,17,266,Cool,PRO
730,Frost,13,157,Cool,REGULAR
731,Frost,7,77,Cool,DEBUTE
732,Can’t Stop！！,14,295,Passion,TRICK
733,Can’t Stop！！,6,119,Passion,LIGHT
734,小さな恋の密室事件,17,376,Cool,TRICK
735,小さな恋の密室事件,7,143,Cool,LIGHT
736,秘密のトワレ,18,491,Cute,TRICK
737,秘密のトワレ,5,101,Cute,LIGHT
738,あんずのうた,30,998,Cute,MASTER_PLUS
739,Kawaii make MY day！,29,832,Cute,MASTER_PLUS
740,ツインテールの風,29,793,All,Legend_MASTER_PLUS
741,ツインテールの風,26,652,All,MASTER
742,ツインテールの風,17,311,All,PRO
743,ツインテールの風,12,169,All,REGULAR
744,ツインテールの風,6,87,All,DEBUTE
745,ヴィーナスシンドローム,28,891,Cool,MASTER_PLUS
746,双翼の独奏歌,30,918,Cool,MASTER_PLUS
747,キラッ！満開スマイル,29,918,Cute,Legend_MASTER_PLUS
748,キラッ！満開スマイル,26,775,Cute,MASTER
749,キラッ！満開スマイル,19,426,Cute,PRO
750,キラッ！満開スマイル,13,181,Cute,REGULAR
751,キラッ！満開スマイル,7,110,Cute,DEBUTE
752,Romantic Now,29,835,Passion,MASTER_PLUS
753,Twin☆くるっ★テール,30,933,Passion,MASTER_PLUS
754,気持ちいいよね 一等賞！,13,240,Passion,TRICK
755,気持ちいいよね 一等賞！,8,190,Passion,LIGHT
756,青の一番星,17,356,Cool,TRICK
757,青の一番星,8,182,Cool,LIGHT
758,恋色エナジー,13,246,Cute,TRICK
759,恋色エナジー,4,86,Cute,LIGHT
760,Vast world,28,869,All,Legend_MASTER_PLUS
761,Vast world,25,570,All,MASTER
762,Vast world,18,374,All,PRO
763,Vast world,13,214,All,REGULAR
764,Vast world,7,96,All,DEBUTE
765,Tulip（SP VERSION）,27,855,All,MASTER
766,Tulip（SP VERSION）,18,380,All,PRO
767,Tulip（SP VERSION）,13,200,All,REGULAR
768,Tulip（SP VERSION）,8,121,All,DEBUTE
769,ショコラ・ティアラ,28,787,Cute,MASTER_PLUS
770,イリュージョニスタ！,29,823,All,MASTER_PLUS
771,Spring Screaming,29,896,Passion,Legend_MASTER_PLUS
772,Spring Screaming,26,729,Passion,MASTER
773,Spring Screaming,18,362,Passion,PRO
774,Spring Screaming,13,180,Passion,REGULAR
775,Spring Screaming,6,79,Passion,DEBUTE
776,You’re stars shine on me,28,677,Cool,MASTER_PLUS
777,秋風に手を振って,29,791,All,MASTER_PLUS
778,ミラクルテレパシー,14,257,Passion,TRICK
779,ミラクルテレパシー,5,108,Passion,LIGHT
780,in fact,15,263,Cool,TRICK
781,in fact,6,114,Cool,LIGHT
782,ラヴィアンローズ,14,320,Cute,TRICK
783,ラヴィアンローズ,5,105,Cute,LIGHT
784,One Life,25,513,Cool,MASTER
785,One Life,17,366,Cool,PRO
786,One Life,13,200,Cool,REGULAR
787,One Life,7,106,Cool,DEBUTE
788,桜の風,29,688,All,Legend_MASTER_PLUS
789,桜の風,26,542,All,MASTER
790,桜の風,19,398,All,PRO
791,桜の風,14,169,All,REGULAR
792,桜の風,8,126,All,DEBUTE
793,TOKIMEKIエスカレート,30,937,Passion,MASTER_PLUS
794,キミのそばでずっと,27,584,All,MASTER_PLUS
795,Heart Voice,27,756,Cute,MASTER
796,Heart Voice,18,335,Cute,PRO
797,Heart Voice,14,227,Cute,REGULAR
798,Heart Voice,9,130,Cute,DEBUTE
799,HARURUNRUN,29,970,Cute,Legend_MASTER_PLUS
800,HARURUNRUN,26,742,Cute,MASTER
801,HARURUNRUN,18,385,Cute,PRO
802,HARURUNRUN,13,182,Cute,REGULAR
803,HARURUNRUN,7,104,Cute,DEBUTE
804,Naked Romance,29,898,Cute,MASTER_PLUS
805,Halloween?Coolde,29,936,Cute,MASTER_PLUS
806,Radio Happy,18,410,Passion,TRICK
807,Radio Happy,5,111,Passion,LIGHT
808,共鳴世界の存在論,18,417,Cool,TRICK
809,共鳴世界の存在論,8,162,Cool,LIGHT
810,恋のHamburg♪,16,390,Cute,TRICK
811,恋のHamburg♪,4,80,Cute,LIGHT
812,Virgin Love,28,885,Passion,Legend_MASTER_PLUS
813,Virgin Love,25,662,Passion,MASTER
814,Virgin Love,18,480,Passion,PRO
815,Virgin Love,14,261,Passion,REGULAR
816,Virgin Love,9,159,Passion,DEBUTE
817,Angel Breeze,27,663,Cool,MASTER_PLUS
818,Trinity Field,30,938,Cool,MASTER_PLUS
819,祈りの花,27,675,Passion,MASTER
820,祈りの花,19,388,Passion,PRO
821,祈りの花,12,159,Passion,REGULAR
822,祈りの花,6,83,Passion,DEBUTE
823,冬空プレシャス,29,893,Passion,MASTER_PLUS
824,アップルパイ・プリンセス,28,834,Passion,MASTER_PLUS
825,エチュードは1曲だけ,28,812,Cool,Legend_MASTER_PLUS
826,エチュードは1曲だけ,26,695,Cool,MASTER
827,エチュードは1曲だけ,18,425,Cool,PRO
828,エチュードは1曲だけ,13,174,Cool,REGULAR
829,エチュードは1曲だけ,8,119,Cool,DEBUTE
830,こいかぜ,16,309,Cool,TRICK
831,こいかぜ,5,98,Cool,LIGHT
832,みんなのきもち,14,278,Passion,TRICK
833,みんなのきもち,7,147,Passion,LIGHT
834,To my darling...,14,300,Cute,TRICK
835,To my darling...,7,150,Cute,LIGHT
836,銀のイルカと熱い風,29,989,All,Legend_MASTER_PLUS
837,銀のイルカと熱い風,26,757,All,MASTER
838,銀のイルカと熱い風,19,474,All,PRO
839,銀のイルカと熱い風,14,252,All,REGULAR
840,銀のイルカと熱い風,8,123,All,DEBUTE
841,エヴリデイドリーム,28,729,Cute,MASTER_PLUS
842,恋が咲く季節,28,736,All,MASTER_PLUS
843,Bright Blue,26,500,Cool,MASTER_PLUS
844,美に入り彩を穿つ,30,992,All,MASTER_PLUS
845,SUN FLOWER,29,995,Passion,Legend_MASTER_PLUS
846,SUN FLOWER,26,783,Passion,MASTER
847,SUN FLOWER,18,393,Passion,PRO
848,SUN FLOWER,13,220,Passion,REGULAR
849,SUN FLOWER,8,123,Passion,DEBUTE
850,One Life,15,317,Cool,TRICK
851,One Life,5,100,Cool,LIGHT
852,追い風Running,17,370,Cute,TRICK
853,追い風Running,6,110,Cute,LIGHT
854,lilac time,17,403,Passion,TRICK
855,lilac time,8,186,Passion,LIGHT
856,Rockin’ Emotion,29,993,Passion,MASTER_PLUS
857,Happy New Yeah！,29,970,All,MASTER_PLUS
858,凸凹スピードスター,31,"1,077",Cute,Legend_MASTER_PLUS
859,凸凹スピードスター,27,856,Cute,MASTER
860,凸凹スピードスター,19,497,Cute,PRO
861,凸凹スピードスター,14,260,Cute,REGULAR
862,凸凹スピードスター,9,164,Cute,DEBUTE
863,楽園,24,465,Cute,MASTER
864,楽園,16,314,Cute,PRO
865,楽園,11,142,Cute,REGULAR
866,楽園,6,75,Cute,DEBUTE
867,always,28,635,All,MASTER_PLUS
868,クレイジークレイジー,29,983,Cute,Legend_MASTER_PLUS
869,クレイジークレイジー,26,681,Cute,MASTER
870,クレイジークレイジー,18,345,Cute,PRO
871,クレイジークレイジー,13,198,Cute,REGULAR
872,クレイジークレイジー,8,119,Cute,DEBUTE
873,ツインテールの風,30,853,All,MASTER_PLUS
874,ガールズ・イン・ザ・フロンティア,30,870,All,Legend_MASTER_PLUS
875,ガールズ・イン・ザ・フロンティア,26,663,All,MASTER
876,ガールズ・イン・ザ・フロンティア,18,337,All,PRO
877,ガールズ・イン・ザ・フロンティア,13,193,All,REGULAR
878,ガールズ・イン・ザ・フロンティア,7,92,All,DEBUTE
879,Flip Flop ～For SS3A rearrange Mix～,27,755,Cool,MASTER
880,Flip Flop ～For SS3A rearrange Mix～,19,395,Cool,PRO
881,Flip Flop ～For SS3A rearrange Mix～,14,232,Cool,REGULAR
882,Flip Flop ～For SS3A rearrange Mix～,8,119,Cool,DEBUTE
883,サヨナラバス,25,543,Cool,MASTER
884,サヨナラバス,17,359,Cool,PRO
885,サヨナラバス,12,152,Cool,REGULAR
886,サヨナラバス,6,84,Cool,DEBUTE
887,夏色,25,579,Passion,MASTER
888,夏色,17,339,Passion,PRO
889,夏色,13,194,Passion,REGULAR
890,夏色,7,96,Passion,DEBUTE
891,Vast world,28,872,All,MASTER_PLUS
892,輝く世界の魔法 -Magical Step Forward Remix-,27,716,All,MASTER
893,輝く世界の魔法 -Magical Step Forward Remix-,18,380,All,PRO
894,輝く世界の魔法 -Magical Step Forward Remix-,13,197,All,REGULAR
895,輝く世界の魔法 -Magical Step Forward Remix-,8,119,All,DEBUTE
896,shabon song ～For SS3A rearrange Mix～,27,861,Passion,MASTER
897,shabon song ～For SS3A rearrange Mix～,19,407,Passion,PRO
898,shabon song ～For SS3A rearrange Mix～,13,194,Passion,REGULAR
899,shabon song ～For SS3A rearrange Mix～,7,105,Passion,DEBUTE
900,Yes！ Party Time！！,16,363,All,TRICK
901,Yes！ Party Time！！,7,167,All,LIGHT
902,EVERMORE,17,367,All,TRICK
903,EVERMORE,9,192,All,LIGHT
904,LOVE ＆ PEACH,25,598,Cute,MASTER
905,LOVE ＆ PEACH,17,391,Cute,PRO
906,LOVE ＆ PEACH,12,180,Cute,REGULAR
907,LOVE ＆ PEACH,7,94,Cute,DEBUTE
908,Pretty Liar,29,865,Cool,Legend_MASTER_PLUS
909,Pretty Liar,26,732,Cool,MASTER
910,Pretty Liar,19,368,Cool,PRO
911,Pretty Liar,13,181,Cool,REGULAR
912,Pretty Liar,7,93,Cool,DEBUTE
913,花簪 HANAKANZASHI,29,856,Cute,MASTER_PLUS
914,キラッ！満開スマイル,29,926,Cute,MASTER_PLUS
915,Lunatic Show ～For SS3A rearrange Mix～,27,668,Passion,MASTER
916,Lunatic Show ～For SS3A rearrange Mix～,17,280,Passion,PRO
917,Lunatic Show ～For SS3A rearrange Mix～,13,185,Passion,REGULAR
918,Lunatic Show ～For SS3A rearrange Mix～,7,100,Passion,DEBUTE
919,ドレミファクトリー！,28,871,All,Legend_MASTER_PLUS
920,ドレミファクトリー！,24,534,All,MASTER
921,ドレミファクトリー！,18,404,All,PRO
922,ドレミファクトリー！,13,220,All,REGULAR
923,ドレミファクトリー！,8,122,All,DEBUTE
924,Hotel Moonside,27,779,Cool,MASTER_PLUS
925,Frost,29,725,Cool,MASTER_PLUS
926,Nocturne ～For SS3A rearrange Mix～,26,554,Cool,MASTER
927,Nocturne ～For SS3A rearrange Mix～,18,311,Cool,PRO
928,Nocturne ～For SS3A rearrange Mix～,13,149,Cool,REGULAR
929,Nocturne ～For SS3A rearrange Mix～,7,93,Cool,DEBUTE
930,ゴキゲンParty Night -Dance！！！！！！！！！！！！！！！ Remix-,27,716,All,MASTER
931,ゴキゲンParty Night -Dance！！！！！！！！！！！！！！！ Remix-,17,345,All,PRO
932,ゴキゲンParty Night -Dance！！！！！！！！！！！！！！！ Remix-,12,181,All,REGULAR
933,ゴキゲンParty Night -Dance！！！！！！！！！！！！！！！ Remix-,7,83,All,DEBUTE
934,Near to You -PicoPico D’n’B Remix-,27,888,All,MASTER
935,Near to You -PicoPico D’n’B Remix-,19,405,All,PRO
936,Near to You -PicoPico D’n’B Remix-,13,227,All,REGULAR
937,Near to You -PicoPico D’n’B Remix-,7,119,All,DEBUTE
938,アンデッド・ダンスロック,29,888,Cool,Legend_MASTER_PLUS
939,アンデッド・ダンスロック,26,666,Cool,MASTER
940,アンデッド・ダンスロック,18,333,Cool,PRO
941,アンデッド・ダンスロック,13,200,Cool,REGULAR
942,アンデッド・ダンスロック,7,100,Cool,DEBUTE
943,お散歩カメラ,29,937,Passion,MASTER_PLUS
944,Spring Screaming,29,902,Passion,MASTER_PLUS
945,パステルピンクな恋,16,342,Cute,TRICK
946,パステルピンクな恋,7,164,Cute,LIGHT
947,あいくるしい ～For SS3A rearrange Mix～,26,711,Cute,MASTER
948,あいくるしい ～For SS3A rearrange Mix～,18,422,Cute,PRO
949,あいくるしい ～For SS3A rearrange Mix～,13,177,Cute,REGULAR
950,あいくるしい ～For SS3A rearrange Mix～,7,131,Cute,DEBUTE
951,Starry-Go-Round,30,980,All,Legend_MASTER_PLUS
952,Starry-Go-Round,27,767,All,MASTER
953,Starry-Go-Round,19,457,All,PRO
954,Starry-Go-Round,13,229,All,REGULAR
955,Starry-Go-Round,8,121,All,DEBUTE
956,Heart Voice,29,919,Cute,MASTER_PLUS
957,桜の風,29,696,All,MASTER_PLUS
958,Last Kiss,25,590,Cool,MASTER
959,Last Kiss,17,324,Cool,PRO
960,Last Kiss,12,154,Cool,REGULAR
961,Last Kiss,7,95,Cool,DEBUTE
962,Sunshine See May,29,664,Passion,Legend_MASTER_PLUS
963,Sunshine See May,26,521,Passion,MASTER
964,Sunshine See May,19,457,Passion,PRO
965,Sunshine See May,13,189,Passion,REGULAR
966,Sunshine See May,7,109,Passion,DEBUTE
967,エチュードは1曲だけ,28,817,Cool,MASTER_PLUS
968,この空の下,26,521,Cool,MASTER_PLUS
969,祈りの花,15,257,Passion,TRICK
970,祈りの花,6,116,Passion,LIGHT
971,Last Kiss,15,298,Cool,TRICK
972,Last Kiss,6,122,Cool,LIGHT
973,楽園,15,269,Cute,TRICK
974,楽園,7,161,Cute,LIGHT
975,HOT LIMIT,25,605,Cute,MASTER
976,HOT LIMIT,17,371,Cute,PRO
977,HOT LIMIT,12,160,Cute,REGULAR
978,HOT LIMIT,6,90,Cute,DEBUTE
979,君への詩,28,692,All,Legend_MASTER_PLUS
980,君への詩,25,520,All,MASTER
981,君への詩,17,343,All,PRO
982,君への詩,13,201,All,REGULAR
983,君への詩,7,96,All,DEBUTE
984,Wonder goes on！！,29,993,All,MASTER_PLUS
985,Virgin Love,28,904,Passion,MASTER_PLUS
986,おんなの道は星の道,25,448,Passion,MASTER
987,おんなの道は星の道,17,248,Passion,PRO
988,おんなの道は星の道,13,152,Passion,REGULAR
989,おんなの道は星の道,7,94,Passion,DEBUTE
990,行くぜっ！怪盗少女,26,688,Passion,MASTER
991,行くぜっ！怪盗少女,17,353,Passion,PRO
992,行くぜっ！怪盗少女,13,184,Passion,REGULAR
993,行くぜっ！怪盗少女,7,111,Passion,DEBUTE
994,メルヘンデビュー！,30,977,Cute,MASTER_PLUS
995,HARURUNRUN,29,972,Cute,MASTER_PLUS
996,Trust me,30,995,All,Legend_MASTER_PLUS
997,Trust me,27,840,All,MASTER
998,Trust me,19,427,All,PRO
999,Trust me,14,230,All,REGULAR
1000,Trust me,8,122,All,DEBUTE
1001,オルゴールの小箱,14,236,Cool,TRICK
1002,オルゴールの小箱,5,90,Cool,LIGHT
1003,とどけ！アイドル,15,332,All,TRICK
1004,とどけ！アイドル,6,123,All,LIGHT
1005,2nd SIDE,29,783,Cool,MASTER_PLUS
1006,ガールズ・イン・ザ・フロンティア,30,879,All,MASTER_PLUS
1007,Palette,29,948,Cute,Legend_MASTER_PLUS
1008,Palette,26,765,Cute,MASTER
1009,Palette,19,440,Cute,PRO
1010,Palette,13,221,Cute,REGULAR
1011,Palette,8,117,Cute,DEBUTE
1012,友達の唄,25,636,Passion,MASTER
1013,友達の唄,18,396,Passion,PRO
1014,友達の唄,12,186,Passion,REGULAR
1015,友達の唄,7,101,Passion,DEBUTE
1016,虹,24,578,Cool,MASTER
1017,虹,17,307,Cool,PRO
1018,虹,13,161,Cool,REGULAR
1019,虹,6,91,Cool,DEBUTE
1020,心もよう,21,378,All,MASTER
1021,心もよう,15,222,All,PRO
1022,心もよう,11,141,All,REGULAR
1023,心もよう,5,63,All,DEBUTE
1024,熱血乙女A,28,927,Passion,MASTER_PLUS
1025,銀のイルカと熱い風,30,999,All,MASTER_PLUS
1026,スパイスパラダイス,28,883,Passion,Legend_MASTER_PLUS
1027,スパイスパラダイス,25,607,Passion,MASTER
1028,スパイスパラダイス,18,408,Passion,PRO
1029,スパイスパラダイス,13,234,Passion,REGULAR
1030,スパイスパラダイス,8,120,Passion,DEBUTE
1031,絶対特権主張しますっ！,16,344,Passion,TRICK
1032,絶対特権主張しますっ！,8,195,Passion,LIGHT
1033,輝く世界の魔法,16,394,All,TRICK
1034,輝く世界の魔法,7,168,All,LIGHT
1035,き・ま・ぐ・れ☆Cafe au lait！,27,724,Cute,MASTER_PLUS
1036,凸凹スピードスター,31,"1,077",Cute,MASTER_PLUS
1037,義勇忍侠花吹雪,29,918,All,Legend_MASTER_PLUS
1038,義勇忍侠花吹雪,26,757,All,MASTER
1039,義勇忍侠花吹雪,19,408,All,PRO
1040,義勇忍侠花吹雪,13,215,All,REGULAR
1041,義勇忍侠花吹雪,8,116,All,DEBUTE
1042,谷の底で咲く花は,25,475,Cute,MASTER
1043,谷の底で咲く花は,16,245,Cute,PRO
1044,谷の底で咲く花は,11,138,Cute,REGULAR
1045,谷の底で咲く花は,6,77,Cute,DEBUTE
1046,薄荷 -ハッカ-,26,457,Cool,MASTER_PLUS
1047,Pretty Liar,29,866,Cool,MASTER_PLUS
1048,Needle Li,29,888,Cool,Legend_MASTER_PLUS
1049,Needle Li,26,766,Cool,MASTER
1050,Needle Li,18,386,Cool,PRO
1051,Needle Li,14,235,Cool,REGULAR
1052,Needle Li,7,103,Cool,DEBUTE
1053,おんなの道は星の道,17,320,Passion,TRICK
1054,おんなの道は星の道,4,86,Passion,LIGHT
1055,We’re the friends！,15,304,All,TRICK
1056,We’re the friends！,7,148,All,LIGHT
1057,SUN FLOWER,29,998,Passion,MASTER_PLUS
1058,毒茸伝説,30,980,Passion,MASTER_PLUS
1059,Fascinate,30,964,Cute,Legend_MASTER_PLUS
1060,Fascinate,26,698,Cute,MASTER
1061,Fascinate,18,394,Cute,PRO
1062,Fascinate,13,199,Cute,REGULAR
1063,Fascinate,8,117,Cute,DEBUTE
1064,Nebula Sky,25,531,Cool,MASTER
1065,Nebula Sky,18,371,Cool,PRO
1066,Nebula Sky,13,201,Cool,REGULAR
1067,Nebula Sky,6,69,Cool,DEBUTE
1068,秘密のトワレ,30,947,Cute,MASTER_PLUS
1069,クレイジークレイジー,29,983,Cute,MASTER_PLUS
1070,ツバサ,24,565,Cool,MASTER
1071,ツバサ,16,324,Cool,PRO
1072,ツバサ,12,186,Cool,REGULAR
1073,ツバサ,7,116,Cool,DEBUTE
1074,スターラブレイション,26,704,Passion,MASTER
1075,スターラブレイション,18,394,Passion,PRO
1076,スターラブレイション,13,216,Passion,REGULAR
1077,スターラブレイション,7,114,Passion,DEBUTE
1078,未完成の歴史,28,744,Cool,Legend_MASTER_PLUS
1079,未完成の歴史,25,523,Cool,MASTER
1080,未完成の歴史,17,311,Cool,PRO
1081,未完成の歴史,12,160,Cool,REGULAR
1082,未完成の歴史,7,96,Cool,DEBUTE
1083,小さな恋の密室事件,30,880,Cool,MASTER_PLUS
1084,アンデッド・ダンスロック,29,888,Cool,MASTER_PLUS
1085,谷の底で咲く花は,11,170,Cute,TRICK
1086,谷の底で咲く花は,4,88,Cute,LIGHT
1087,メッセージ,15,308,All,TRICK
1088,メッセージ,6,92,All,LIGHT
1089,O-Ku-Ri-Mo-No Sunday！,29,998,Passion,Legend_MASTER_PLUS
1090,O-Ku-Ri-Mo-No Sunday！,26,794,Passion,MASTER
1091,O-Ku-Ri-Mo-No Sunday！,18,453,Passion,PRO
1092,O-Ku-Ri-Mo-No Sunday！,13,194,Passion,REGULAR
1093,O-Ku-Ri-Mo-No Sunday！,7,108,Passion,DEBUTE
1094,Can’t Stop！！,29,977,Passion,MASTER_PLUS
1095,ドレミファクトリー！,28,883,All,MASTER_PLUS
1096,LIFE,25,672,Passion,MASTER
1097,LIFE,18,381,Passion,PRO
1098,LIFE,12,196,Passion,REGULAR
1099,LIFE,7,110,Passion,DEBUTE
1100,はにかみdays,23,471,Cute,MASTER
1101,はにかみdays,17,317,Cute,PRO
1102,はにかみdays,12,165,Cute,REGULAR
1103,はにかみdays,7,101,Cute,DEBUTE
1104,きゅん・きゅん・まっくす,28,915,Cute,Legend_MASTER_PLUS
1105,きゅん・きゅん・まっくす,25,689,Cute,MASTER
1106,きゅん・きゅん・まっくす,18,421,Cute,PRO
1107,きゅん・きゅん・まっくす,13,164,Cute,REGULAR
1108,きゅん・きゅん・まっくす,7,93,Cute,DEBUTE
1109,恋色エナジー,28,777,Cute,MASTER_PLUS
1110,君への詩,28,753,All,MASTER_PLUS
1111,明日また会えるよね,16,371,Cute,TRICK
1112,明日また会えるよね,5,104,Cute,LIGHT
1113,Star！！,17,400,All,TRICK
1114,Star！！,8,174,All,LIGHT
1115,無重力シャトル,29,974,All,Legend_MASTER_PLUS
1116,無重力シャトル,26,724,All,MASTER
1117,無重力シャトル,18,437,All,PRO
1118,無重力シャトル,13,203,All,REGULAR
1119,無重力シャトル,8,119,All,DEBUTE
1120,青の一番星,29,925,Cool,MASTER_PLUS
1121,Trust me,30,998,All,MASTER_PLUS
1122,AnemoneStar,26,649,Cool,MASTER
1123,AnemoneStar,18,360,Cool,PRO
1124,AnemoneStar,13,186,Cool,REGULAR
1125,AnemoneStar,8,110,Cool,DEBUTE
1126,気持ちいいよね 一等賞！,29,986,Passion,MASTER_PLUS
1127,Sunshine See May,29,664,Passion,MASTER_PLUS
1128,Max Beat,29,896,Cool,Legend_MASTER_PLUS
1129,Max Beat,26,698,Cool,MASTER
1130,Max Beat,18,415,Cool,PRO
1131,Max Beat,13,186,Cool,REGULAR
1132,Max Beat,8,112,Cool,DEBUTE
1133,咲いてJewel,17,407,Cool,TRICK
1134,咲いてJewel,6,141,Cool,LIGHT
1135,夕映えプレゼント,16,371,All,TRICK
1136,夕映えプレゼント,4,88,All,LIGHT
1137,桃色片想い,25,604,Cute,MASTER
1138,桃色片想い,17,360,Cute,PRO
1139,桃色片想い,13,207,Cute,REGULAR
1140,桃色片想い,8,123,Cute,DEBUTE
1141,青空エール,28,905,All,Legend_MASTER_PLUS
1142,青空エール,25,582,All,MASTER
1143,青空エール,18,353,All,PRO
1144,青空エール,13,201,All,REGULAR
1145,青空エール,7,118,All,DEBUTE
1146,ラヴィアンローズ,28,877,Cute,MASTER_PLUS
1147,Passionlette,29,950,Cute,MASTER_PLUS
1148,炎の華,24,583,Passion,MASTER
1149,炎の華,17,350,Passion,PRO
1150,炎の華,13,203,Passion,REGULAR
1151,炎の華,8,104,Passion,DEBUTE
1152,in fact,26,516,Cool,MASTER_PLUS
1153,義勇忍侠花吹雪,29,924,All,MASTER_PLUS
1154,TAKAMARI☆CLIMAXXX！！！！！,30,999,Passion,Legend_MASTER_PLUS
1155,TAKAMARI☆CLIMAXXX！！！！！,27,884,Passion,MASTER
1156,TAKAMARI☆CLIMAXXX！！！！！,19,509,Passion,PRO
1157,TAKAMARI☆CLIMAXXX！！！！！,13,213,Passion,REGULAR
1158,TAKAMARI☆CLIMAXXX！！！！！,9,152,Passion,DEBUTE
1159,Hello Especially,24,506,Cool,MASTER
1160,Hello Especially,17,310,Cool,PRO
1161,Hello Especially,12,184,Cool,REGULAR
1162,Hello Especially,6,95,Cool,DEBUTE
1163,きみにいっぱい☆,16,357,Passion,TRICK
1164,きみにいっぱい☆,5,105,Passion,LIGHT
1165,GOIN’！！！,16,341,All,TRICK
1166,GOIN’！！！,6,132,All,LIGHT
1167,Starry-Go-Round,31,"1,018",All,FORTE
1168,Starry-Go-Round,28,"1,283",All,PIANO
1169,イリュージョニスタ！,31,952,All,FORTE
1170,イリュージョニスタ！,27,760,All,PIANO
1171,Trust me,32,"1,032",All,FORTE
1172,Trust me,27,629,All,PIANO
1173,お願い！シンデレラ（GRAND VERSION）,29,820,All,FORTE
1174,お願い！シンデレラ（GRAND VERSION）,26,622,All,PIANO
1175,ミラクルテレパシー,29,998,Passion,MASTER_PLUS
1176,スパイスパラダイス,28,888,Passion,MASTER_PLUS
1177,Stage Bye Stage,30,878,All,FORTE
1178,Stage Bye Stage,26,705,All,PIANO
1179,Stage Bye Stage,28,775,All,Legend_MASTER_PLUS
1180,Stage Bye Stage,25,548,All,MASTER
1181,Stage Bye Stage,18,349,All,PRO
1182,Stage Bye Stage,13,196,All,REGULAR
1183,Stage Bye Stage,7,120,All,DEBUTE
1184,タッタ,26,764,All,MASTER
1185,タッタ,18,481,All,PRO
1186,タッタ,13,201,All,REGULAR
1187,タッタ,6,88,All,DEBUTE
1188,恋のHamburg♪,29,944,Cute,MASTER_PLUS
1189,Starry-Go-Round,30,994,All,MASTER_PLUS
1190,バベル,31,"1,141",Cool,Legend_MASTER_PLUS
1191,バベル,27,701,Cool,MASTER
1192,バベル,19,426,Cool,PRO
1193,バベル,14,229,Cool,REGULAR
1194,バベル,9,151,Cool,DEBUTE
1195,アタシポンコツアンドロイド,17,390,Cute,TRICK
1196,アタシポンコツアンドロイド,6,127,Cute,LIGHT
1197,できたて Evo！Revo！Generation！,17,389,All,TRICK
1198,できたて Evo！Revo！Generation！,6,146,All,LIGHT
1199,共鳴世界の存在論,30,997,Cool,MASTER_PLUS
1200,Needle Li,29,888,Cool,MASTER_PLUS
1201,夏恋 -NATSU KOI-,28,868,Cool,MASTER_PLUS
1202,夏恋 -NATSU KOI-,25,658,Cool,MASTER
1203,夏恋 -NATSU KOI-,17,323,Cool,PRO
1204,夏恋 -NATSU KOI-,12,169,Cool,REGULAR
1205,夏恋 -NATSU KOI-,7,111,Cool,DEBUTE
1206,LOVE☆ハズカム,25,518,Cute,MASTER
1207,LOVE☆ハズカム,17,323,Cute,PRO
1208,LOVE☆ハズカム,12,142,Cute,REGULAR
1209,LOVE☆ハズカム,6,83,Cute,DEBUTE
1210,全力☆Summer！,27,757,Cute,MASTER
1211,全力☆Summer！,18,390,Cute,PRO
1212,全力☆Summer！,14,239,Cute,REGULAR
1213,全力☆Summer！,8,125,Cute,DEBUTE
1214,Radio Happy,29,999,Passion,MASTER_PLUS
1215,O-Ku-Ri-Mo-No Sunday！,30,999,Passion,MASTER_PLUS
1216,comic cosmic,29,972,All,MASTER_PLUS
1217,comic cosmic,26,778,All,MASTER
1218,comic cosmic,18,455,All,PRO
1219,comic cosmic,13,235,All,REGULAR
1220,comic cosmic,7,124,All,DEBUTE
1221,Nation Blue,17,396,Cool,TRICK
1222,Nation Blue,8,200,Cool,LIGHT
1223,Shine！！,16,346,All,TRICK
1224,Shine！！,6,124,All,LIGHT
1225,Fascinate,30,983,Cute,MASTER_PLUS
1226,TRUE COLORS,30,885,All,FORTE
1227,TRUE COLORS,27,727,All,PIANO
1228,TRUE COLORS,29,795,All,Legend_MASTER_PLUS
1229,TRUE COLORS,26,659,All,MASTER
1230,TRUE COLORS,18,370,All,PRO
1231,TRUE COLORS,13,187,All,REGULAR
1232,TRUE COLORS,7,103,All,DEBUTE
1233,未完成の歴史,28,759,Cool,MASTER_PLUS
1234,ステップ！,26,637,Passion,MASTER
1235,ステップ！,18,404,Passion,PRO
1236,ステップ！,12,173,Passion,REGULAR
1237,ステップ！,7,116,Passion,DEBUTE
1238,はじめてのチュウ,23,415,Passion,MASTER
1239,はじめてのチュウ,16,271,Passion,PRO
1240,はじめてのチュウ,10,122,Passion,REGULAR
1241,はじめてのチュウ,5,69,Passion,DEBUTE
1242,紅,28,988,Passion,MASTER
1243,紅,19,473,Passion,PRO
1244,紅,14,254,Passion,REGULAR
1245,紅,9,163,Passion,DEBUTE
1246,ハミングがきこえる,24,514,Cute,MASTER
1247,ハミングがきこえる,16,305,Cute,PRO
1248,ハミングがきこえる,12,166,Cute,REGULAR
1249,ハミングがきこえる,7,93,Cute,DEBUTE
1250,HIGH PRESSURE,25,667,Cool,MASTER
1251,HIGH PRESSURE,18,422,Cool,PRO
1252,HIGH PRESSURE,12,170,Cool,REGULAR
1253,HIGH PRESSURE,7,108,Cool,DEBUTE
1254,YELLOW YELLOW HAPPY,24,505,Cute,MASTER
1255,YELLOW YELLOW HAPPY,17,372,Cute,PRO
1256,YELLOW YELLOW HAPPY,13,195,Cute,REGULAR
1257,YELLOW YELLOW HAPPY,7,97,Cute,DEBUTE
1258,ステップ＆スキップ,29,788,Cute,MASTER_PLUS
1259,ステップ＆スキップ,26,562,Cute,MASTER
1260,ステップ＆スキップ,18,327,Cute,PRO
1261,ステップ＆スキップ,13,200,Cute,REGULAR
1262,ステップ＆スキップ,9,144,Cute,DEBUTE
1263,無重力シャトル,29,981,All,MASTER_PLUS
1264,風になりたい,26,635,All,MASTER
1265,風になりたい,18,388,All,PRO
1266,風になりたい,12,168,All,REGULAR
1267,風になりたい,6,100,All,DEBUTE
1268,大きな古時計,25,445,Cool,MASTER
1269,大きな古時計,17,276,Cool,PRO
1270,大きな古時計,10,134,Cool,REGULAR
1271,大きな古時計,5,61,Cool,DEBUTE
1272,君の青春は輝いているか,23,423,Passion,MASTER
1273,君の青春は輝いているか,16,317,Passion,PRO
1274,君の青春は輝いているか,12,175,Passion,REGULAR
1275,君の青春は輝いているか,6,76,Passion,DEBUTE
1276,亜麻色の髪の乙女,22,471,Cool,MASTER
1277,亜麻色の髪の乙女,18,373,Cool,PRO
1278,亜麻色の髪の乙女,13,213,Cool,REGULAR
1279,亜麻色の髪の乙女,6,102,Cool,DEBUTE
1280,RAGE OF DUST,27,800,Cute,MASTER
1281,RAGE OF DUST,19,496,Cute,PRO
1282,RAGE OF DUST,13,197,Cute,REGULAR
1283,RAGE OF DUST,7,122,Cute,DEBUTE
1284,Gossip Club,31,"1,290",Passion,MASTER_PLUS
1285,Gossip Club,27,851,Passion,MASTER
1286,Gossip Club,19,463,Passion,PRO
1287,Gossip Club,14,236,Passion,REGULAR
1288,Gossip Club,9,153,Passion,DEBUTE
1289,きゅん・きゅん・まっくす,28,926,Cute,MASTER_PLUS
1290,しゅがーはぁと☆レボリューション,27,819,Passion,MASTER
1291,しゅがーはぁと☆レボリューション,18,410,Passion,PRO
1292,しゅがーはぁと☆レボリューション,13,195,Passion,REGULAR
1293,しゅがーはぁと☆レボリューション,8,107,Passion,DEBUTE
1294,モザイクカケラ,26,727,Cool,MASTER
1295,モザイクカケラ,18,378,Cool,PRO
1296,モザイクカケラ,11,141,Cool,REGULAR
1297,モザイクカケラ,6,71,Cool,DEBUTE
1298,COLORS,25,573,Cool,MASTER
1299,COLORS,17,331,Cool,PRO
1300,COLORS,12,164,Cool,REGULAR
1301,COLORS,7,100,Cool,DEBUTE
1302,空想探査計画,28,764,Passion,MASTER_PLUS
1303,空想探査計画,25,559,Passion,MASTER
1304,空想探査計画,17,341,Passion,PRO
1305,空想探査計画,13,202,Passion,REGULAR
1306,空想探査計画,7,118,Passion,DEBUTE
1307,Max Beat,29,900,Cool,MASTER_PLUS
1308,Revive,25,438,All,MASTER
1309,Revive,17,285,All,PRO
1310,Revive,11,152,All,REGULAR
1311,Revive,7,94,All,DEBUTE
1312,O2,27,699,Passion,MASTER
1313,O2,18,352,Passion,PRO
1314,O2,13,189,Passion,REGULAR
1315,O2,8,104,Passion,DEBUTE
1316,夢色ハーモニー,16,356,All,TRICK
1317,夢色ハーモニー,6,140,All,LIGHT
1318,Orange Sapphire,17,372,Passion,TRICK
1319,Orange Sapphire,7,137,Passion,LIGHT
1320,ミラーボール・ラブ,29,954,All,MASTER_PLUS
1321,ミラーボール・ラブ,26,685,All,MASTER
1322,ミラーボール・ラブ,19,417,All,PRO
1323,ミラーボール・ラブ,14,239,All,REGULAR
1324,ミラーボール・ラブ,7,104,All,DEBUTE
1325,TAKAMARI☆CLIMAXXX！！！！！,30,999,Passion,MASTER_PLUS
1326,ニャンと☆スペクタクル,27,809,Cute,MASTER
1327,ニャンと☆スペクタクル,19,417,Cute,PRO
1328,ニャンと☆スペクタクル,14,244,Cute,REGULAR
1329,ニャンと☆スペクタクル,9,160,Cute,DEBUTE
1330,EZ DO DANCE,25,654,All,MASTER
1331,EZ DO DANCE,18,407,All,PRO
1332,EZ DO DANCE,13,233,All,REGULAR
1333,EZ DO DANCE,7,124,All,DEBUTE
1334,To my darling...,27,700,Cute,MASTER_PLUS
1335,Stage Bye Stage,28,807,All,MASTER_PLUS
1336,Secret Daybreak,29,870,Cool,MASTER_PLUS
1337,Secret Daybreak,26,585,Cool,MASTER
1338,Secret Daybreak,18,380,Cool,PRO
1339,Secret Daybreak,13,201,Cool,REGULAR
1340,Secret Daybreak,7,111,Cool,DEBUTE
1341,Happy×2 Days,16,330,Cute,TRICK
1342,Happy×2 Days,7,147,Cute,LIGHT
1343,Snow Wings,17,395,All,TRICK
1344,Snow Wings,8,159,All,LIGHT
1345,M＠GIC☆,32,918,All,FORTE
1346,M＠GIC☆,26,697,All,PIANO
1347,Sun！High！Gold！,30,997,All,MASTER_PLUS
1348,Sun！High！Gold！,27,761,All,MASTER
1349,Sun！High！Gold！,18,395,All,PRO
1350,Sun！High！Gold！,13,194,All,REGULAR
1351,Sun！High！Gold！,8,114,All,DEBUTE
1352,こいかぜ,29,756,Cool,MASTER_PLUS
1353,バベル,31,"1,144",Cool,MASTER_PLUS
1354,もりのくにから,26,658,Cool,MASTER
1355,もりのくにから,18,279,Cool,PRO
1356,もりのくにから,11,153,Cool,REGULAR
1357,もりのくにから,6,90,Cool,DEBUTE
1358,WHITE BREATH,27,814,Cool,MASTER
1359,WHITE BREATH,18,428,Cool,PRO
1360,WHITE BREATH,13,198,Cool,REGULAR
1361,WHITE BREATH,8,130,Cool,DEBUTE
1362,みんなのきもち,28,892,Passion,MASTER_PLUS
1363,青空エール,28,925,All,MASTER_PLUS
1364,ギュっとMilky Way,28,872,Cute,MASTER_PLUS
1365,ギュっとMilky Way,26,713,Cute,MASTER
1366,ギュっとMilky Way,18,394,Cute,PRO
1367,ギュっとMilky Way,13,131,Cute,REGULAR
1368,ギュっとMilky Way,6,99,Cute,DEBUTE
1369,LEGNE 仇なす剣 光の旋律,18,435,Cool,TRICK
1370,LEGNE 仇なす剣 光の旋律,9,200,Cool,LIGHT
1371,炎の華,17,381,Passion,TRICK
1372,炎の華,8,189,Passion,LIGHT
1373,追い風Running,29,816,Cute,MASTER_PLUS
1374,TRUE COLORS,29,841,All,MASTER_PLUS
1375,夢をのぞいたら,28,856,All,FORTE
1376,夢をのぞいたら,25,521,All,PIANO
1377,夢をのぞいたら（for BEST3 VERSION）,29,794,All,MASTER_PLUS
1378,夢をのぞいたら（for BEST3 VERSION）,26,714,All,MASTER
1379,夢をのぞいたら（for BEST3 VERSION）,18,372,All,PRO
1380,夢をのぞいたら（for BEST3 VERSION）,13,191,All,REGULAR
1381,夢をのぞいたら（for BEST3 VERSION）,8,125,All,DEBUTE
1382,SUPERLOVE☆,26,708,Passion,MASTER
1383,SUPERLOVE☆,19,486,Passion,PRO
1384,SUPERLOVE☆,14,240,Passionssion,REGULAR
1385,SUPERLOVE☆,9,160,Passionssion,DEBUTE
1386,STAR,24,506,All,MASTER
1387,STAR,17,319,All,PRO
1388,STAR,13,197,All,REGULAR
1389,STAR,7,122,All,DEBUTE
1390,学園天国,25,702,Passionssion,MASTER
1391,学園天国,18,414,Passionssion,PRO
1392,学園天国,13,185,Passionssion,REGULAR
1393,学園天国,6,86,Passionssion,DEBUTE
